state,state_abbr,year,direction,visa_group,migration_count,plot_value
Australia,AUS,2004-05,Arrivals,Student - VET,7990,7990
Australia,AUS,2005-06,Arrivals,Student - VET,10500,10500
Australia,AUS,2006-07,Arrivals,Student - VET,19970,19970
Australia,AUS,2007-08,Arrivals,Student - VET,31420,31420
Australia,AUS,2008-09,Arrivals,Student - VET,53570,53570
Australia,AUS,2009-10,Arrivals,Student - VET,25710,25710
Australia,AUS,2010-11,Arrivals,Student - VET,11000,11000
Australia,AUS,2011-12,Arrivals,Student - VET,10150,10150
Australia,AUS,2012-13,Arrivals,Student - VET,8460,8460
Australia,AUS,2013-14,Arrivals,Student - VET,9740,9740
Australia,AUS,2014-15,Arrivals,Student - VET,11180,11180
Australia,AUS,2015-16,Arrivals,Student - VET,15270,15270
Australia,AUS,2016-17,Arrivals,Student - VET,16300,16300
Australia,AUS,2017-18,Arrivals,Student - VET,19650,19650
Australia,AUS,2018-19,Arrivals,Student - VET,22650,22650
Australia,AUS,2019-20,Arrivals,Student - VET,11420,11420
Australia,AUS,2020-21,Arrivals,Student - VET,120,120
Australia,AUS,2021-22,Arrivals,Student - VET,21470,21470
Australia,AUS,2022-23,Arrivals,Student - VET,38140,38140
Australia,AUS,2023-24,Arrivals,Student - VET,20020,20020
Australia,AUS,2004-05,Arrivals,Student - higher education,32750,32750
Australia,AUS,2005-06,Arrivals,Student - higher education,42040,42040
Australia,AUS,2006-07,Arrivals,Student - higher education,57940,57940
Australia,AUS,2007-08,Arrivals,Student - higher education,73150,73150
Australia,AUS,2008-09,Arrivals,Student - higher education,72080,72080
Australia,AUS,2009-10,Arrivals,Student - higher education,56500,56500
Australia,AUS,2010-11,Arrivals,Student - higher education,43020,43020
Australia,AUS,2011-12,Arrivals,Student - higher education,41870,41870
Australia,AUS,2012-13,Arrivals,Student - higher education,56500,56500
Australia,AUS,2013-14,Arrivals,Student - higher education,79140,79140
Australia,AUS,2014-15,Arrivals,Student - higher education,85070,85070
Australia,AUS,2015-16,Arrivals,Student - higher education,89170,89170
Australia,AUS,2016-17,Arrivals,Student - higher education,101440,101440
Australia,AUS,2017-18,Arrivals,Student - higher education,106520,106520
Australia,AUS,2018-19,Arrivals,Student - higher education,111310,111310
Australia,AUS,2019-20,Arrivals,Student - higher education,75950,75950
Australia,AUS,2020-21,Arrivals,Student - higher education,730,730
Australia,AUS,2021-22,Arrivals,Student - higher education,98410,98410
Australia,AUS,2022-23,Arrivals,Student - higher education,177400,177400
Australia,AUS,2023-24,Arrivals,Student - higher education,146660,146660
Australia,AUS,2004-05,Arrivals,Student - other,25440,25440
Australia,AUS,2005-06,Arrivals,Student - other,20550,20550
Australia,AUS,2006-07,Arrivals,Student - other,25810,25810
Australia,AUS,2007-08,Arrivals,Student - other,29160,29160
Australia,AUS,2008-09,Arrivals,Student - other,27110,27110
Australia,AUS,2009-10,Arrivals,Student - other,24450,24450
Australia,AUS,2010-11,Arrivals,Student - other,21330,21330
Australia,AUS,2011-12,Arrivals,Student - other,21250,21250
Australia,AUS,2012-13,Arrivals,Student - other,21260,21260
Australia,AUS,2013-14,Arrivals,Student - other,25450,25450
Australia,AUS,2014-15,Arrivals,Student - other,25870,25870
Australia,AUS,2015-16,Arrivals,Student - other,27690,27690
Australia,AUS,2016-17,Arrivals,Student - other,31670,31670
Australia,AUS,2017-18,Arrivals,Student - other,31460,31460
Australia,AUS,2018-19,Arrivals,Student - other,30390,30390
Australia,AUS,2019-20,Arrivals,Student - other,23070,23070
Australia,AUS,2020-21,Arrivals,Student - other,670,670
Australia,AUS,2021-22,Arrivals,Student - other,21540,21540
Australia,AUS,2022-23,Arrivals,Student - other,62220,62220
Australia,AUS,2023-24,Arrivals,Student - other,37450,37450
Australia,AUS,2004-05,Departures,Student - VET,3080,-3080
Australia,AUS,2005-06,Departures,Student - VET,3410,-3410
Australia,AUS,2006-07,Departures,Student - VET,3370,-3370
Australia,AUS,2007-08,Departures,Student - VET,4070,-4070
Australia,AUS,2008-09,Departures,Student - VET,5560,-5560
Australia,AUS,2009-10,Departures,Student - VET,9880,-9880
Australia,AUS,2010-11,Departures,Student - VET,12330,-12330
Australia,AUS,2011-12,Departures,Student - VET,9020,-9020
Australia,AUS,2012-13,Departures,Student - VET,7940,-7940
Australia,AUS,2013-14,Departures,Student - VET,8260,-8260
Australia,AUS,2014-15,Departures,Student - VET,8720,-8720
Australia,AUS,2015-16,Departures,Student - VET,9450,-9450
Australia,AUS,2016-17,Departures,Student - VET,11390,-11390
Australia,AUS,2017-18,Departures,Student - VET,15150,-15150
Australia,AUS,2018-19,Departures,Student - VET,16980,-16980
Australia,AUS,2019-20,Departures,Student - VET,22160,-22160
Australia,AUS,2020-21,Departures,Student - VET,11060,-11060
Australia,AUS,2021-22,Departures,Student - VET,7000,-7000
Australia,AUS,2022-23,Departures,Student - VET,4550,-4550
Australia,AUS,2023-24,Departures,Student - VET,7960,-7960
Australia,AUS,2004-05,Departures,Student - higher education,9010,-9010
Australia,AUS,2005-06,Departures,Student - higher education,14780,-14780
Australia,AUS,2006-07,Departures,Student - higher education,16020,-16020
Australia,AUS,2007-08,Departures,Student - higher education,15620,-15620
Australia,AUS,2008-09,Departures,Student - higher education,18120,-18120
Australia,AUS,2009-10,Departures,Student - higher education,24200,-24200
Australia,AUS,2010-11,Departures,Student - higher education,30100,-30100
Australia,AUS,2011-12,Departures,Student - higher education,30390,-30390
Australia,AUS,2012-13,Departures,Student - higher education,28370,-28370
Australia,AUS,2013-14,Departures,Student - higher education,26560,-26560
Australia,AUS,2014-15,Departures,Student - higher education,25330,-25330
Australia,AUS,2015-16,Departures,Student - higher education,24190,-24190
Australia,AUS,2016-17,Departures,Student - higher education,25410,-25410
Australia,AUS,2017-18,Departures,Student - higher education,31150,-31150
Australia,AUS,2018-19,Departures,Student - higher education,40930,-40930
Australia,AUS,2019-20,Departures,Student - higher education,66030,-66030
Australia,AUS,2020-21,Departures,Student - higher education,43580,-43580
Australia,AUS,2021-22,Departures,Student - higher education,15530,-15530
Australia,AUS,2022-23,Departures,Student - higher education,7930,-7930
Australia,AUS,2023-24,Departures,Student - higher education,18950,-18950
Australia,AUS,2004-05,Departures,Student - other,9150,-9150
Australia,AUS,2005-06,Departures,Student - other,7880,-7880
Australia,AUS,2006-07,Departures,Student - other,6090,-6090
Australia,AUS,2007-08,Departures,Student - other,6330,-6330
Australia,AUS,2008-09,Departures,Student - other,7030,-7030
Australia,AUS,2009-10,Departures,Student - other,7690,-7690
Australia,AUS,2010-11,Departures,Student - other,7900,-7900
Australia,AUS,2011-12,Departures,Student - other,8160,-8160
Australia,AUS,2012-13,Departures,Student - other,8650,-8650
Australia,AUS,2013-14,Departures,Student - other,9330,-9330
Australia,AUS,2014-15,Departures,Student - other,10990,-10990
Australia,AUS,2015-16,Departures,Student - other,10470,-10470
Australia,AUS,2016-17,Departures,Student - other,10010,-10010
Australia,AUS,2017-18,Departures,Student - other,9110,-9110
Australia,AUS,2018-19,Departures,Student - other,9540,-9540
Australia,AUS,2019-20,Departures,Student - other,12730,-12730
Australia,AUS,2020-21,Departures,Student - other,7550,-7550
Australia,AUS,2021-22,Departures,Student - other,4330,-4330
Australia,AUS,2022-23,Departures,Student - other,3010,-3010
Australia,AUS,2023-24,Departures,Student - other,5910,-5910
New South Wales,NSW,2004-05,Arrivals,Student - VET,3790,3790
New South Wales,NSW,2005-06,Arrivals,Student - VET,4870,4870
New South Wales,NSW,2006-07,Arrivals,Student - VET,9390,9390
New South Wales,NSW,2007-08,Arrivals,Student - VET,14980,14980
New South Wales,NSW,2008-09,Arrivals,Student - VET,18540,18540
New South Wales,NSW,2009-10,Arrivals,Student - VET,8650,8650
New South Wales,NSW,2010-11,Arrivals,Student - VET,4970,4970
New South Wales,NSW,2011-12,Arrivals,Student - VET,4600,4600
New South Wales,NSW,2012-13,Arrivals,Student - VET,3750,3750
New South Wales,NSW,2013-14,Arrivals,Student - VET,4460,4460
New South Wales,NSW,2014-15,Arrivals,Student - VET,5420,5420
New South Wales,NSW,2015-16,Arrivals,Student - VET,6710,6710
New South Wales,NSW,2016-17,Arrivals,Student - VET,7260,7260
New South Wales,NSW,2017-18,Arrivals,Student - VET,9180,9180
New South Wales,NSW,2018-19,Arrivals,Student - VET,10630,10630
New South Wales,NSW,2019-20,Arrivals,Student - VET,4360,4360
New South Wales,NSW,2020-21,Arrivals,Student - VET,60,60
New South Wales,NSW,2021-22,Arrivals,Student - VET,10920,10920
New South Wales,NSW,2022-23,Arrivals,Student - VET,14480,14480
New South Wales,NSW,2023-24,Arrivals,Student - VET,7200,7200
New South Wales,NSW,2004-05,Arrivals,Student - higher education,11440,11440
New South Wales,NSW,2005-06,Arrivals,Student - higher education,14830,14830
New South Wales,NSW,2006-07,Arrivals,Student - higher education,20110,20110
New South Wales,NSW,2007-08,Arrivals,Student - higher education,23690,23690
New South Wales,NSW,2008-09,Arrivals,Student - higher education,22720,22720
New South Wales,NSW,2009-10,Arrivals,Student - higher education,18870,18870
New South Wales,NSW,2010-11,Arrivals,Student - higher education,14370,14370
New South Wales,NSW,2011-12,Arrivals,Student - higher education,14340,14340
New South Wales,NSW,2012-13,Arrivals,Student - higher education,20460,20460
New South Wales,NSW,2013-14,Arrivals,Student - higher education,27380,27380
New South Wales,NSW,2014-15,Arrivals,Student - higher education,31120,31120
New South Wales,NSW,2015-16,Arrivals,Student - higher education,32050,32050
New South Wales,NSW,2016-17,Arrivals,Student - higher education,36900,36900
New South Wales,NSW,2017-18,Arrivals,Student - higher education,38680,38680
New South Wales,NSW,2018-19,Arrivals,Student - higher education,37440,37440
New South Wales,NSW,2019-20,Arrivals,Student - higher education,24240,24240
New South Wales,NSW,2020-21,Arrivals,Student - higher education,320,320
New South Wales,NSW,2021-22,Arrivals,Student - higher education,37270,37270
New South Wales,NSW,2022-23,Arrivals,Student - higher education,63190,63190
New South Wales,NSW,2023-24,Arrivals,Student - higher education,49900,49900
New South Wales,NSW,2004-05,Arrivals,Student - other,9620,9620
New South Wales,NSW,2005-06,Arrivals,Student - other,7410,7410
New South Wales,NSW,2006-07,Arrivals,Student - other,9980,9980
New South Wales,NSW,2007-08,Arrivals,Student - other,11950,11950
New South Wales,NSW,2008-09,Arrivals,Student - other,10020,10020
New South Wales,NSW,2009-10,Arrivals,Student - other,8450,8450
New South Wales,NSW,2010-11,Arrivals,Student - other,7180,7180
New South Wales,NSW,2011-12,Arrivals,Student - other,6910,6910
New South Wales,NSW,2012-13,Arrivals,Student - other,6700,6700
New South Wales,NSW,2013-14,Arrivals,Student - other,7900,7900
New South Wales,NSW,2014-15,Arrivals,Student - other,8420,8420
New South Wales,NSW,2015-16,Arrivals,Student - other,9410,9410
New South Wales,NSW,2016-17,Arrivals,Student - other,11510,11510
New South Wales,NSW,2017-18,Arrivals,Student - other,11680,11680
New South Wales,NSW,2018-19,Arrivals,Student - other,10600,10600
New South Wales,NSW,2019-20,Arrivals,Student - other,7600,7600
New South Wales,NSW,2020-21,Arrivals,Student - other,260,260
New South Wales,NSW,2021-22,Arrivals,Student - other,7200,7200
New South Wales,NSW,2022-23,Arrivals,Student - other,20130,20130
New South Wales,NSW,2023-24,Arrivals,Student - other,12070,12070
New South Wales,NSW,2004-05,Departures,Student - VET,1580,-1580
New South Wales,NSW,2005-06,Departures,Student - VET,1750,-1750
New South Wales,NSW,2006-07,Departures,Student - VET,1840,-1840
New South Wales,NSW,2007-08,Departures,Student - VET,2220,-2220
New South Wales,NSW,2008-09,Departures,Student - VET,3040,-3040
New South Wales,NSW,2009-10,Departures,Student - VET,4840,-4840
New South Wales,NSW,2010-11,Departures,Student - VET,5550,-5550
New South Wales,NSW,2011-12,Departures,Student - VET,4290,-4290
New South Wales,NSW,2012-13,Departures,Student - VET,3910,-3910
New South Wales,NSW,2013-14,Departures,Student - VET,3900,-3900
New South Wales,NSW,2014-15,Departures,Student - VET,4100,-4100
New South Wales,NSW,2015-16,Departures,Student - VET,4450,-4450
New South Wales,NSW,2016-17,Departures,Student - VET,5100,-5100
New South Wales,NSW,2017-18,Departures,Student - VET,6790,-6790
New South Wales,NSW,2018-19,Departures,Student - VET,7710,-7710
New South Wales,NSW,2019-20,Departures,Student - VET,10660,-10660
New South Wales,NSW,2020-21,Departures,Student - VET,4790,-4790
New South Wales,NSW,2021-22,Departures,Student - VET,3350,-3350
New South Wales,NSW,2022-23,Departures,Student - VET,2090,-2090
New South Wales,NSW,2023-24,Departures,Student - VET,3460,-3460
New South Wales,NSW,2004-05,Departures,Student - higher education,2780,-2780
New South Wales,NSW,2005-06,Departures,Student - higher education,4770,-4770
New South Wales,NSW,2006-07,Departures,Student - higher education,5200,-5200
New South Wales,NSW,2007-08,Departures,Student - higher education,5270,-5270
New South Wales,NSW,2008-09,Departures,Student - higher education,6200,-6200
New South Wales,NSW,2009-10,Departures,Student - higher education,8100,-8100
New South Wales,NSW,2010-11,Departures,Student - higher education,10200,-10200
New South Wales,NSW,2011-12,Departures,Student - higher education,10380,-10380
New South Wales,NSW,2012-13,Departures,Student - higher education,9420,-9420
New South Wales,NSW,2013-14,Departures,Student - higher education,8720,-8720
New South Wales,NSW,2014-15,Departures,Student - higher education,8390,-8390
New South Wales,NSW,2015-16,Departures,Student - higher education,7980,-7980
New South Wales,NSW,2016-17,Departures,Student - higher education,8270,-8270
New South Wales,NSW,2017-18,Departures,Student - higher education,10870,-10870
New South Wales,NSW,2018-19,Departures,Student - higher education,15290,-15290
New South Wales,NSW,2019-20,Departures,Student - higher education,25420,-25420
New South Wales,NSW,2020-21,Departures,Student - higher education,14630,-14630
New South Wales,NSW,2021-22,Departures,Student - higher education,5420,-5420
New South Wales,NSW,2022-23,Departures,Student - higher education,2890,-2890
New South Wales,NSW,2023-24,Departures,Student - higher education,8060,-8060
New South Wales,NSW,2004-05,Departures,Student - other,3270,-3270
New South Wales,NSW,2005-06,Departures,Student - other,2380,-2380
New South Wales,NSW,2006-07,Departures,Student - other,1520,-1520
New South Wales,NSW,2007-08,Departures,Student - other,1550,-1550
New South Wales,NSW,2008-09,Departures,Student - other,1730,-1730
New South Wales,NSW,2009-10,Departures,Student - other,2040,-2040
New South Wales,NSW,2010-11,Departures,Student - other,2180,-2180
New South Wales,NSW,2011-12,Departures,Student - other,2190,-2190
New South Wales,NSW,2012-13,Departures,Student - other,2330,-2330
New South Wales,NSW,2013-14,Departures,Student - other,2410,-2410
New South Wales,NSW,2014-15,Departures,Student - other,2820,-2820
New South Wales,NSW,2015-16,Departures,Student - other,2590,-2590
New South Wales,NSW,2016-17,Departures,Student - other,2570,-2570
New South Wales,NSW,2017-18,Departures,Student - other,2650,-2650
New South Wales,NSW,2018-19,Departures,Student - other,2750,-2750
New South Wales,NSW,2019-20,Departures,Student - other,3900,-3900
New South Wales,NSW,2020-21,Departures,Student - other,2000,-2000
New South Wales,NSW,2021-22,Departures,Student - other,1250,-1250
New South Wales,NSW,2022-23,Departures,Student - other,920,-920
New South Wales,NSW,2023-24,Departures,Student - other,1810,-1810
Victoria,VIC,2004-05,Arrivals,Student - VET,2300,2300
Victoria,VIC,2005-06,Arrivals,Student - VET,3630,3630
Victoria,VIC,2006-07,Arrivals,Student - VET,7130,7130
Victoria,VIC,2007-08,Arrivals,Student - VET,10130,10130
Victoria,VIC,2008-09,Arrivals,Student - VET,20180,20180
Victoria,VIC,2009-10,Arrivals,Student - VET,8750,8750
Victoria,VIC,2010-11,Arrivals,Student - VET,3010,3010
Victoria,VIC,2011-12,Arrivals,Student - VET,2530,2530
Victoria,VIC,2012-13,Arrivals,Student - VET,1970,1970
Victoria,VIC,2013-14,Arrivals,Student - VET,2070,2070
Victoria,VIC,2014-15,Arrivals,Student - VET,2340,2340
Victoria,VIC,2015-16,Arrivals,Student - VET,3530,3530
Victoria,VIC,2016-17,Arrivals,Student - VET,3900,3900
Victoria,VIC,2017-18,Arrivals,Student - VET,5580,5580
Victoria,VIC,2018-19,Arrivals,Student - VET,5590,5590
Victoria,VIC,2019-20,Arrivals,Student - VET,3080,3080
Victoria,VIC,2020-21,Arrivals,Student - VET,20,20
Victoria,VIC,2021-22,Arrivals,Student - VET,5120,5120
Victoria,VIC,2022-23,Arrivals,Student - VET,10000,10000
Victoria,VIC,2023-24,Arrivals,Student - VET,5530,5530
Victoria,VIC,2004-05,Arrivals,Student - higher education,10060,10060
Victoria,VIC,2005-06,Arrivals,Student - higher education,14170,14170
Victoria,VIC,2006-07,Arrivals,Student - higher education,21760,21760
Victoria,VIC,2007-08,Arrivals,Student - higher education,26100,26100
Victoria,VIC,2008-09,Arrivals,Student - higher education,24720,24720
Victoria,VIC,2009-10,Arrivals,Student - higher education,17580,17580
Victoria,VIC,2010-11,Arrivals,Student - higher education,12740,12740
Victoria,VIC,2011-12,Arrivals,Student - higher education,12660,12660
Victoria,VIC,2012-13,Arrivals,Student - higher education,17870,17870
Victoria,VIC,2013-14,Arrivals,Student - higher education,25860,25860
Victoria,VIC,2014-15,Arrivals,Student - higher education,28460,28460
Victoria,VIC,2015-16,Arrivals,Student - higher education,30640,30640
Victoria,VIC,2016-17,Arrivals,Student - higher education,36150,36150
Victoria,VIC,2017-18,Arrivals,Student - higher education,38430,38430
Victoria,VIC,2018-19,Arrivals,Student - higher education,41990,41990
Victoria,VIC,2019-20,Arrivals,Student - higher education,27390,27390
Victoria,VIC,2020-21,Arrivals,Student - higher education,160,160
Victoria,VIC,2021-22,Arrivals,Student - higher education,35010,35010
Victoria,VIC,2022-23,Arrivals,Student - higher education,51560,51560
Victoria,VIC,2023-24,Arrivals,Student - higher education,44610,44610
Victoria,VIC,2004-05,Arrivals,Student - other,7530,7530
Victoria,VIC,2005-06,Arrivals,Student - other,5580,5580
Victoria,VIC,2006-07,Arrivals,Student - other,6610,6610
Victoria,VIC,2007-08,Arrivals,Student - other,7300,7300
Victoria,VIC,2008-09,Arrivals,Student - other,7070,7070
Victoria,VIC,2009-10,Arrivals,Student - other,6620,6620
Victoria,VIC,2010-11,Arrivals,Student - other,5800,5800
Victoria,VIC,2011-12,Arrivals,Student - other,5750,5750
Victoria,VIC,2012-13,Arrivals,Student - other,5600,5600
Victoria,VIC,2013-14,Arrivals,Student - other,7110,7110
Victoria,VIC,2014-15,Arrivals,Student - other,7110,7110
Victoria,VIC,2015-16,Arrivals,Student - other,7930,7930
Victoria,VIC,2016-17,Arrivals,Student - other,8950,8950
Victoria,VIC,2017-18,Arrivals,Student - other,9020,9020
Victoria,VIC,2018-19,Arrivals,Student - other,8950,8950
Victoria,VIC,2019-20,Arrivals,Student - other,6670,6670
Victoria,VIC,2020-21,Arrivals,Student - other,130,130
Victoria,VIC,2021-22,Arrivals,Student - other,6620,6620
Victoria,VIC,2022-23,Arrivals,Student - other,18440,18440
Victoria,VIC,2023-24,Arrivals,Student - other,10540,10540
Victoria,VIC,2004-05,Departures,Student - VET,620,-620
Victoria,VIC,2005-06,Departures,Student - VET,710,-710
Victoria,VIC,2006-07,Departures,Student - VET,650,-650
Victoria,VIC,2007-08,Departures,Student - VET,800,-800
Victoria,VIC,2008-09,Departures,Student - VET,1120,-1120
Victoria,VIC,2009-10,Departures,Student - VET,2450,-2450
Victoria,VIC,2010-11,Departures,Student - VET,3200,-3200
Victoria,VIC,2011-12,Departures,Student - VET,2070,-2070
Victoria,VIC,2012-13,Departures,Student - VET,1730,-1730
Victoria,VIC,2013-14,Departures,Student - VET,1830,-1830
Victoria,VIC,2014-15,Departures,Student - VET,2060,-2060
Victoria,VIC,2015-16,Departures,Student - VET,2110,-2110
Victoria,VIC,2016-17,Departures,Student - VET,2560,-2560
Victoria,VIC,2017-18,Departures,Student - VET,3660,-3660
Victoria,VIC,2018-19,Departures,Student - VET,4300,-4300
Victoria,VIC,2019-20,Departures,Student - VET,5770,-5770
Victoria,VIC,2020-21,Departures,Student - VET,3660,-3660
Victoria,VIC,2021-22,Departures,Student - VET,1890,-1890
Victoria,VIC,2022-23,Departures,Student - VET,1180,-1180
Victoria,VIC,2023-24,Departures,Student - VET,2190,-2190
Victoria,VIC,2004-05,Departures,Student - higher education,2570,-2570
Victoria,VIC,2005-06,Departures,Student - higher education,4340,-4340
Victoria,VIC,2006-07,Departures,Student - higher education,4600,-4600
Victoria,VIC,2007-08,Departures,Student - higher education,4620,-4620
Victoria,VIC,2008-09,Departures,Student - higher education,5560,-5560
Victoria,VIC,2009-10,Departures,Student - higher education,7510,-7510
Victoria,VIC,2010-11,Departures,Student - higher education,9190,-9190
Victoria,VIC,2011-12,Departures,Student - higher education,9030,-9030
Victoria,VIC,2012-13,Departures,Student - higher education,8220,-8220
Victoria,VIC,2013-14,Departures,Student - higher education,7770,-7770
Victoria,VIC,2014-15,Departures,Student - higher education,7530,-7530
Victoria,VIC,2015-16,Departures,Student - higher education,7640,-7640
Victoria,VIC,2016-17,Departures,Student - higher education,8360,-8360
Victoria,VIC,2017-18,Departures,Student - higher education,10250,-10250
Victoria,VIC,2018-19,Departures,Student - higher education,13650,-13650
Victoria,VIC,2019-20,Departures,Student - higher education,22140,-22140
Victoria,VIC,2020-21,Departures,Student - higher education,18390,-18390
Victoria,VIC,2021-22,Departures,Student - higher education,5150,-5150
Victoria,VIC,2022-23,Departures,Student - higher education,2590,-2590
Victoria,VIC,2023-24,Departures,Student - higher education,5480,-5480
Victoria,VIC,2004-05,Departures,Student - other,2530,-2530
Victoria,VIC,2005-06,Departures,Student - other,2140,-2140
Victoria,VIC,2006-07,Departures,Student - other,1560,-1560
Victoria,VIC,2007-08,Departures,Student - other,1750,-1750
Victoria,VIC,2008-09,Departures,Student - other,1800,-1800
Victoria,VIC,2009-10,Departures,Student - other,1860,-1860
Victoria,VIC,2010-11,Departures,Student - other,2050,-2050
Victoria,VIC,2011-12,Departures,Student - other,2080,-2080
Victoria,VIC,2012-13,Departures,Student - other,2270,-2270
Victoria,VIC,2013-14,Departures,Student - other,2320,-2320
Victoria,VIC,2014-15,Departures,Student - other,2830,-2830
Victoria,VIC,2015-16,Departures,Student - other,2790,-2790
Victoria,VIC,2016-17,Departures,Student - other,2700,-2700
Victoria,VIC,2017-18,Departures,Student - other,2600,-2600
Victoria,VIC,2018-19,Departures,Student - other,2770,-2770
Victoria,VIC,2019-20,Departures,Student - other,3870,-3870
Victoria,VIC,2020-21,Departures,Student - other,2620,-2620
Victoria,VIC,2021-22,Departures,Student - other,1210,-1210
Victoria,VIC,2022-23,Departures,Student - other,770,-770
Victoria,VIC,2023-24,Departures,Student - other,1910,-1910
Queensland,QLD,2004-05,Arrivals,Student - VET,850,850
Queensland,QLD,2005-06,Arrivals,Student - VET,860,860
Queensland,QLD,2006-07,Arrivals,Student - VET,1550,1550
Queensland,QLD,2007-08,Arrivals,Student - VET,3200,3200
Queensland,QLD,2008-09,Arrivals,Student - VET,7730,7730
Queensland,QLD,2009-10,Arrivals,Student - VET,4030,4030
Queensland,QLD,2010-11,Arrivals,Student - VET,1340,1340
Queensland,QLD,2011-12,Arrivals,Student - VET,1210,1210
Queensland,QLD,2012-13,Arrivals,Student - VET,1180,1180
Queensland,QLD,2013-14,Arrivals,Student - VET,1210,1210
Queensland,QLD,2014-15,Arrivals,Student - VET,1550,1550
Queensland,QLD,2015-16,Arrivals,Student - VET,2480,2480
Queensland,QLD,2016-17,Arrivals,Student - VET,2740,2740
Queensland,QLD,2017-18,Arrivals,Student - VET,2580,2580
Queensland,QLD,2018-19,Arrivals,Student - VET,3960,3960
Queensland,QLD,2019-20,Arrivals,Student - VET,2250,2250
Queensland,QLD,2020-21,Arrivals,Student - VET,20,20
Queensland,QLD,2021-22,Arrivals,Student - VET,2740,2740
Queensland,QLD,2022-23,Arrivals,Student - VET,7450,7450
Queensland,QLD,2023-24,Arrivals,Student - VET,3980,3980
Queensland,QLD,2004-05,Arrivals,Student - higher education,4750,4750
Queensland,QLD,2005-06,Arrivals,Student - higher education,5520,5520
Queensland,QLD,2006-07,Arrivals,Student - higher education,6670,6670
Queensland,QLD,2007-08,Arrivals,Student - higher education,10880,10880
Queensland,QLD,2008-09,Arrivals,Student - higher education,10960,10960
Queensland,QLD,2009-10,Arrivals,Student - higher education,8950,8950
Queensland,QLD,2010-11,Arrivals,Student - higher education,7350,7350
Queensland,QLD,2011-12,Arrivals,Student - higher education,6480,6480
Queensland,QLD,2012-13,Arrivals,Student - higher education,8210,8210
Queensland,QLD,2013-14,Arrivals,Student - higher education,13120,13120
Queensland,QLD,2014-15,Arrivals,Student - higher education,10880,10880
Queensland,QLD,2015-16,Arrivals,Student - higher education,10900,10900
Queensland,QLD,2016-17,Arrivals,Student - higher education,12120,12120
Queensland,QLD,2017-18,Arrivals,Student - higher education,13010,13010
Queensland,QLD,2018-19,Arrivals,Student - higher education,13760,13760
Queensland,QLD,2019-20,Arrivals,Student - higher education,9710,9710
Queensland,QLD,2020-21,Arrivals,Student - higher education,130,130
Queensland,QLD,2021-22,Arrivals,Student - higher education,10190,10190
Queensland,QLD,2022-23,Arrivals,Student - higher education,21020,21020
Queensland,QLD,2023-24,Arrivals,Student - higher education,17610,17610
Queensland,QLD,2004-05,Arrivals,Student - other,4040,4040
Queensland,QLD,2005-06,Arrivals,Student - other,3730,3730
Queensland,QLD,2006-07,Arrivals,Student - other,4490,4490
Queensland,QLD,2007-08,Arrivals,Student - other,4850,4850
Queensland,QLD,2008-09,Arrivals,Student - other,5080,5080
Queensland,QLD,2009-10,Arrivals,Student - other,4570,4570
Queensland,QLD,2010-11,Arrivals,Student - other,3960,3960
Queensland,QLD,2011-12,Arrivals,Student - other,4040,4040
Queensland,QLD,2012-13,Arrivals,Student - other,4260,4260
Queensland,QLD,2013-14,Arrivals,Student - other,5110,5110
Queensland,QLD,2014-15,Arrivals,Student - other,5140,5140
Queensland,QLD,2015-16,Arrivals,Student - other,5390,5390
Queensland,QLD,2016-17,Arrivals,Student - other,6450,6450
Queensland,QLD,2017-18,Arrivals,Student - other,6360,6360
Queensland,QLD,2018-19,Arrivals,Student - other,6460,6460
Queensland,QLD,2019-20,Arrivals,Student - other,5260,5260
Queensland,QLD,2020-21,Arrivals,Student - other,130,130
Queensland,QLD,2021-22,Arrivals,Student - other,4140,4140
Queensland,QLD,2022-23,Arrivals,Student - other,15150,15150
Queensland,QLD,2023-24,Arrivals,Student - other,8550,8550
Queensland,QLD,2004-05,Departures,Student - VET,450,-450
Queensland,QLD,2005-06,Departures,Student - VET,450,-450
Queensland,QLD,2006-07,Departures,Student - VET,420,-420
Queensland,QLD,2007-08,Departures,Student - VET,530,-530
Queensland,QLD,2008-09,Departures,Student - VET,750,-750
Queensland,QLD,2009-10,Departures,Student - VET,1390,-1390
Queensland,QLD,2010-11,Departures,Student - VET,2030,-2030
Queensland,QLD,2011-12,Departures,Student - VET,1570,-1570
Queensland,QLD,2012-13,Departures,Student - VET,1300,-1300
Queensland,QLD,2013-14,Departures,Student - VET,1390,-1390
Queensland,QLD,2014-15,Departures,Student - VET,1440,-1440
Queensland,QLD,2015-16,Departures,Student - VET,1630,-1630
Queensland,QLD,2016-17,Departures,Student - VET,2290,-2290
Queensland,QLD,2017-18,Departures,Student - VET,2930,-2930
Queensland,QLD,2018-19,Departures,Student - VET,3310,-3310
Queensland,QLD,2019-20,Departures,Student - VET,3950,-3950
Queensland,QLD,2020-21,Departures,Student - VET,1700,-1700
Queensland,QLD,2021-22,Departures,Student - VET,1150,-1150
Queensland,QLD,2022-23,Departures,Student - VET,840,-840
Queensland,QLD,2023-24,Departures,Student - VET,1470,-1470
Queensland,QLD,2004-05,Departures,Student - higher education,1700,-1700
Queensland,QLD,2005-06,Departures,Student - higher education,2840,-2840
Queensland,QLD,2006-07,Departures,Student - higher education,3180,-3180
Queensland,QLD,2007-08,Departures,Student - higher education,2910,-2910
Queensland,QLD,2008-09,Departures,Student - higher education,3270,-3270
Queensland,QLD,2009-10,Departures,Student - higher education,4280,-4280
Queensland,QLD,2010-11,Departures,Student - higher education,5420,-5420
Queensland,QLD,2011-12,Departures,Student - higher education,5550,-5550
Queensland,QLD,2012-13,Departures,Student - higher education,5370,-5370
Queensland,QLD,2013-14,Departures,Student - higher education,4770,-4770
Queensland,QLD,2014-15,Departures,Student - higher education,4620,-4620
Queensland,QLD,2015-16,Departures,Student - higher education,4160,-4160
Queensland,QLD,2016-17,Departures,Student - higher education,4120,-4120
Queensland,QLD,2017-18,Departures,Student - higher education,4700,-4700
Queensland,QLD,2018-19,Departures,Student - higher education,5850,-5850
Queensland,QLD,2019-20,Departures,Student - higher education,9010,-9010
Queensland,QLD,2020-21,Departures,Student - higher education,5630,-5630
Queensland,QLD,2021-22,Departures,Student - higher education,2670,-2670
Queensland,QLD,2022-23,Departures,Student - higher education,1170,-1170
Queensland,QLD,2023-24,Departures,Student - higher education,2800,-2800
Queensland,QLD,2004-05,Departures,Student - other,1730,-1730
Queensland,QLD,2005-06,Departures,Student - other,1560,-1560
Queensland,QLD,2006-07,Departures,Student - other,1350,-1350
Queensland,QLD,2007-08,Departures,Student - other,1310,-1310
Queensland,QLD,2008-09,Departures,Student - other,1470,-1470
Queensland,QLD,2009-10,Departures,Student - other,1600,-1600
Queensland,QLD,2010-11,Departures,Student - other,1670,-1670
Queensland,QLD,2011-12,Departures,Student - other,1630,-1630
Queensland,QLD,2012-13,Departures,Student - other,1840,-1840
Queensland,QLD,2013-14,Departures,Student - other,1970,-1970
Queensland,QLD,2014-15,Departures,Student - other,2380,-2380
Queensland,QLD,2015-16,Departures,Student - other,2020,-2020
Queensland,QLD,2016-17,Departures,Student - other,1770,-1770
Queensland,QLD,2017-18,Departures,Student - other,1890,-1890
Queensland,QLD,2018-19,Departures,Student - other,1900,-1900
Queensland,QLD,2019-20,Departures,Student - other,2400,-2400
Queensland,QLD,2020-21,Departures,Student - other,1370,-1370
Queensland,QLD,2021-22,Departures,Student - other,830,-830
Queensland,QLD,2022-23,Departures,Student - other,620,-620
Queensland,QLD,2023-24,Departures,Student - other,1090,-1090
South Australia,SA,2004-05,Arrivals,Student - VET,240,240
South Australia,SA,2005-06,Arrivals,Student - VET,240,240
South Australia,SA,2006-07,Arrivals,Student - VET,360,360
South Australia,SA,2007-08,Arrivals,Student - VET,860,860
South Australia,SA,2008-09,Arrivals,Student - VET,2650,2650
South Australia,SA,2009-10,Arrivals,Student - VET,1290,1290
South Australia,SA,2010-11,Arrivals,Student - VET,400,400
South Australia,SA,2011-12,Arrivals,Student - VET,440,440
South Australia,SA,2012-13,Arrivals,Student - VET,320,320
South Australia,SA,2013-14,Arrivals,Student - VET,360,360
South Australia,SA,2014-15,Arrivals,Student - VET,330,330
South Australia,SA,2015-16,Arrivals,Student - VET,600,600
South Australia,SA,2016-17,Arrivals,Student - VET,630,630
South Australia,SA,2017-18,Arrivals,Student - VET,740,740
South Australia,SA,2018-19,Arrivals,Student - VET,820,820
South Australia,SA,2019-20,Arrivals,Student - VET,570,570
South Australia,SA,2020-21,Arrivals,Student - VET,10,10
South Australia,SA,2021-22,Arrivals,Student - VET,1010,1010
South Australia,SA,2022-23,Arrivals,Student - VET,1650,1650
South Australia,SA,2023-24,Arrivals,Student - VET,970,970
South Australia,SA,2004-05,Arrivals,Student - higher education,2380,2380
South Australia,SA,2005-06,Arrivals,Student - higher education,3050,3050
South Australia,SA,2006-07,Arrivals,Student - higher education,3860,3860
South Australia,SA,2007-08,Arrivals,Student - higher education,4570,4570
South Australia,SA,2008-09,Arrivals,Student - higher education,5120,5120
South Australia,SA,2009-10,Arrivals,Student - higher education,4220,4220
South Australia,SA,2010-11,Arrivals,Student - higher education,3090,3090
South Australia,SA,2011-12,Arrivals,Student - higher education,2930,2930
South Australia,SA,2012-13,Arrivals,Student - higher education,3400,3400
South Australia,SA,2013-14,Arrivals,Student - higher education,4370,4370
South Australia,SA,2014-15,Arrivals,Student - higher education,5050,5050
South Australia,SA,2015-16,Arrivals,Student - higher education,5180,5180
South Australia,SA,2016-17,Arrivals,Student - higher education,5360,5360
South Australia,SA,2017-18,Arrivals,Student - higher education,5530,5530
South Australia,SA,2018-19,Arrivals,Student - higher education,6330,6330
South Australia,SA,2019-20,Arrivals,Student - higher education,5800,5800
South Australia,SA,2020-21,Arrivals,Student - higher education,40,40
South Australia,SA,2021-22,Arrivals,Student - higher education,6750,6750
South Australia,SA,2022-23,Arrivals,Student - higher education,11420,11420
South Australia,SA,2023-24,Arrivals,Student - higher education,8960,8960
South Australia,SA,2004-05,Arrivals,Student - other,1540,1540
South Australia,SA,2005-06,Arrivals,Student - other,1390,1390
South Australia,SA,2006-07,Arrivals,Student - other,1870,1870
South Australia,SA,2007-08,Arrivals,Student - other,1740,1740
South Australia,SA,2008-09,Arrivals,Student - other,1620,1620
South Australia,SA,2009-10,Arrivals,Student - other,1600,1600
South Australia,SA,2010-11,Arrivals,Student - other,1440,1440
South Australia,SA,2011-12,Arrivals,Student - other,1480,1480
South Australia,SA,2012-13,Arrivals,Student - other,1490,1490
South Australia,SA,2013-14,Arrivals,Student - other,1900,1900
South Australia,SA,2014-15,Arrivals,Student - other,1720,1720
South Australia,SA,2015-16,Arrivals,Student - other,1640,1640
South Australia,SA,2016-17,Arrivals,Student - other,1510,1510
South Australia,SA,2017-18,Arrivals,Student - other,1520,1520
South Australia,SA,2018-19,Arrivals,Student - other,1520,1520
South Australia,SA,2019-20,Arrivals,Student - other,1330,1330
South Australia,SA,2020-21,Arrivals,Student - other,30,30
South Australia,SA,2021-22,Arrivals,Student - other,1290,1290
South Australia,SA,2022-23,Arrivals,Student - other,3380,3380
South Australia,SA,2023-24,Arrivals,Student - other,2350,2350
South Australia,SA,2004-05,Departures,Student - VET,110,-110
South Australia,SA,2005-06,Departures,Student - VET,100,-100
South Australia,SA,2006-07,Departures,Student - VET,100,-100
South Australia,SA,2007-08,Departures,Student - VET,90,-90
South Australia,SA,2008-09,Departures,Student - VET,130,-130
South Australia,SA,2009-10,Departures,Student - VET,310,-310
South Australia,SA,2010-11,Departures,Student - VET,480,-480
South Australia,SA,2011-12,Departures,Student - VET,340,-340
South Australia,SA,2012-13,Departures,Student - VET,300,-300
South Australia,SA,2013-14,Departures,Student - VET,290,-290
South Australia,SA,2014-15,Departures,Student - VET,230,-230
South Australia,SA,2015-16,Departures,Student - VET,230,-230
South Australia,SA,2016-17,Departures,Student - VET,250,-250
South Australia,SA,2017-18,Departures,Student - VET,290,-290
South Australia,SA,2018-19,Departures,Student - VET,300,-300
South Australia,SA,2019-20,Departures,Student - VET,480,-480
South Australia,SA,2020-21,Departures,Student - VET,270,-270
South Australia,SA,2021-22,Departures,Student - VET,130,-130
South Australia,SA,2022-23,Departures,Student - VET,150,-150
South Australia,SA,2023-24,Departures,Student - VET,260,-260
South Australia,SA,2004-05,Departures,Student - higher education,460,-460
South Australia,SA,2005-06,Departures,Student - higher education,760,-760
South Australia,SA,2006-07,Departures,Student - higher education,870,-870
South Australia,SA,2007-08,Departures,Student - higher education,970,-970
South Australia,SA,2008-09,Departures,Student - higher education,950,-950
South Australia,SA,2009-10,Departures,Student - higher education,1420,-1420
South Australia,SA,2010-11,Departures,Student - higher education,1840,-1840
South Australia,SA,2011-12,Departures,Student - higher education,1890,-1890
South Australia,SA,2012-13,Departures,Student - higher education,1850,-1850
South Australia,SA,2013-14,Departures,Student - higher education,1810,-1810
South Australia,SA,2014-15,Departures,Student - higher education,1730,-1730
South Australia,SA,2015-16,Departures,Student - higher education,1620,-1620
South Australia,SA,2016-17,Departures,Student - higher education,1670,-1670
South Australia,SA,2017-18,Departures,Student - higher education,1870,-1870
South Australia,SA,2018-19,Departures,Student - higher education,1970,-1970
South Australia,SA,2019-20,Departures,Student - higher education,3880,-3880
South Australia,SA,2020-21,Departures,Student - higher education,1760,-1760
South Australia,SA,2021-22,Departures,Student - higher education,920,-920
South Australia,SA,2022-23,Departures,Student - higher education,520,-520
South Australia,SA,2023-24,Departures,Student - higher education,840,-840
South Australia,SA,2004-05,Departures,Student - other,510,-510
South Australia,SA,2005-06,Departures,Student - other,580,-580
South Australia,SA,2006-07,Departures,Student - other,610,-610
South Australia,SA,2007-08,Departures,Student - other,660,-660
South Australia,SA,2008-09,Departures,Student - other,810,-810
South Australia,SA,2009-10,Departures,Student - other,770,-770
South Australia,SA,2010-11,Departures,Student - other,660,-660
South Australia,SA,2011-12,Departures,Student - other,750,-750
South Australia,SA,2012-13,Departures,Student - other,780,-780
South Australia,SA,2013-14,Departures,Student - other,920,-920
South Australia,SA,2014-15,Departures,Student - other,1030,-1030
South Australia,SA,2015-16,Departures,Student - other,1130,-1130
South Australia,SA,2016-17,Departures,Student - other,1130,-1130
South Australia,SA,2017-18,Departures,Student - other,660,-660
South Australia,SA,2018-19,Departures,Student - other,660,-660
South Australia,SA,2019-20,Departures,Student - other,900,-900
South Australia,SA,2020-21,Departures,Student - other,570,-570
South Australia,SA,2021-22,Departures,Student - other,330,-330
South Australia,SA,2022-23,Departures,Student - other,180,-180
South Australia,SA,2023-24,Departures,Student - other,330,-330
Western Australia,WA,2004-05,Arrivals,Student - VET,700,700
Western Australia,WA,2005-06,Arrivals,Student - VET,730,730
Western Australia,WA,2006-07,Arrivals,Student - VET,1310,1310
Western Australia,WA,2007-08,Arrivals,Student - VET,1890,1890
Western Australia,WA,2008-09,Arrivals,Student - VET,3900,3900
Western Australia,WA,2009-10,Arrivals,Student - VET,2580,2580
Western Australia,WA,2010-11,Arrivals,Student - VET,1080,1080
Western Australia,WA,2011-12,Arrivals,Student - VET,1140,1140
Western Australia,WA,2012-13,Arrivals,Student - VET,1030,1030
Western Australia,WA,2013-14,Arrivals,Student - VET,1390,1390
Western Australia,WA,2014-15,Arrivals,Student - VET,1340,1340
Western Australia,WA,2015-16,Arrivals,Student - VET,1680,1680
Western Australia,WA,2016-17,Arrivals,Student - VET,1460,1460
Western Australia,WA,2017-18,Arrivals,Student - VET,1190,1190
Western Australia,WA,2018-19,Arrivals,Student - VET,1170,1170
Western Australia,WA,2019-20,Arrivals,Student - VET,860,860
Western Australia,WA,2020-21,Arrivals,Student - VET,10,10
Western Australia,WA,2021-22,Arrivals,Student - VET,1010,1010
Western Australia,WA,2022-23,Arrivals,Student - VET,3640,3640
Western Australia,WA,2023-24,Arrivals,Student - VET,1960,1960
Western Australia,WA,2004-05,Arrivals,Student - higher education,3150,3150
Western Australia,WA,2005-06,Arrivals,Student - higher education,3250,3250
Western Australia,WA,2006-07,Arrivals,Student - higher education,4020,4020
Western Australia,WA,2007-08,Arrivals,Student - higher education,6040,6040
Western Australia,WA,2008-09,Arrivals,Student - higher education,6320,6320
Western Australia,WA,2009-10,Arrivals,Student - higher education,4570,4570
Western Australia,WA,2010-11,Arrivals,Student - higher education,3650,3650
Western Australia,WA,2011-12,Arrivals,Student - higher education,3320,3320
Western Australia,WA,2012-13,Arrivals,Student - higher education,4300,4300
Western Australia,WA,2013-14,Arrivals,Student - higher education,5290,5290
Western Australia,WA,2014-15,Arrivals,Student - higher education,5670,5670
Western Australia,WA,2015-16,Arrivals,Student - higher education,6480,6480
Western Australia,WA,2016-17,Arrivals,Student - higher education,6550,6550
Western Australia,WA,2017-18,Arrivals,Student - higher education,6100,6100
Western Australia,WA,2018-19,Arrivals,Student - higher education,7710,7710
Western Australia,WA,2019-20,Arrivals,Student - higher education,6210,6210
Western Australia,WA,2020-21,Arrivals,Student - higher education,30,30
Western Australia,WA,2021-22,Arrivals,Student - higher education,5240,5240
Western Australia,WA,2022-23,Arrivals,Student - higher education,22950,22950
Western Australia,WA,2023-24,Arrivals,Student - higher education,20100,20100
Western Australia,WA,2004-05,Arrivals,Student - other,1860,1860
Western Australia,WA,2005-06,Arrivals,Student - other,1690,1690
Western Australia,WA,2006-07,Arrivals,Student - other,1960,1960
Western Australia,WA,2007-08,Arrivals,Student - other,2360,2360
Western Australia,WA,2008-09,Arrivals,Student - other,2390,2390
Western Australia,WA,2009-10,Arrivals,Student - other,2230,2230
Western Australia,WA,2010-11,Arrivals,Student - other,2050,2050
Western Australia,WA,2011-12,Arrivals,Student - other,2010,2010
Western Australia,WA,2012-13,Arrivals,Student - other,2030,2030
Western Australia,WA,2013-14,Arrivals,Student - other,2290,2290
Western Australia,WA,2014-15,Arrivals,Student - other,2270,2270
Western Australia,WA,2015-16,Arrivals,Student - other,2170,2170
Western Australia,WA,2016-17,Arrivals,Student - other,2030,2030
Western Australia,WA,2017-18,Arrivals,Student - other,1640,1640
Western Australia,WA,2018-19,Arrivals,Student - other,1820,1820
Western Australia,WA,2019-20,Arrivals,Student - other,1420,1420
Western Australia,WA,2020-21,Arrivals,Student - other,50,50
Western Australia,WA,2021-22,Arrivals,Student - other,1290,1290
Western Australia,WA,2022-23,Arrivals,Student - other,3740,3740
Western Australia,WA,2023-24,Arrivals,Student - other,2820,2820
Western Australia,WA,2004-05,Departures,Student - VET,270,-270
Western Australia,WA,2005-06,Departures,Student - VET,340,-340
Western Australia,WA,2006-07,Departures,Student - VET,290,-290
Western Australia,WA,2007-08,Departures,Student - VET,350,-350
Western Australia,WA,2008-09,Departures,Student - VET,450,-450
Western Australia,WA,2009-10,Departures,Student - VET,750,-750
Western Australia,WA,2010-11,Departures,Student - VET,930,-930
Western Australia,WA,2011-12,Departures,Student - VET,610,-610
Western Australia,WA,2012-13,Departures,Student - VET,590,-590
Western Australia,WA,2013-14,Departures,Student - VET,700,-700
Western Australia,WA,2014-15,Departures,Student - VET,760,-760
Western Australia,WA,2015-16,Departures,Student - VET,900,-900
Western Australia,WA,2016-17,Departures,Student - VET,1050,-1050
Western Australia,WA,2017-18,Departures,Student - VET,1310,-1310
Western Australia,WA,2018-19,Departures,Student - VET,1160,-1160
Western Australia,WA,2019-20,Departures,Student - VET,950,-950
Western Australia,WA,2020-21,Departures,Student - VET,420,-420
Western Australia,WA,2021-22,Departures,Student - VET,340,-340
Western Australia,WA,2022-23,Departures,Student - VET,210,-210
Western Australia,WA,2023-24,Departures,Student - VET,450,-450
Western Australia,WA,2004-05,Departures,Student - higher education,1230,-1230
Western Australia,WA,2005-06,Departures,Student - higher education,1650,-1650
Western Australia,WA,2006-07,Departures,Student - higher education,1620,-1620
Western Australia,WA,2007-08,Departures,Student - higher education,1310,-1310
Western Australia,WA,2008-09,Departures,Student - higher education,1550,-1550
Western Australia,WA,2009-10,Departures,Student - higher education,1990,-1990
Western Australia,WA,2010-11,Departures,Student - higher education,2270,-2270
Western Australia,WA,2011-12,Departures,Student - higher education,2120,-2120
Western Australia,WA,2012-13,Departures,Student - higher education,1980,-1980
Western Australia,WA,2013-14,Departures,Student - higher education,2040,-2040
Western Australia,WA,2014-15,Departures,Student - higher education,1770,-1770
Western Australia,WA,2015-16,Departures,Student - higher education,1640,-1640
Western Australia,WA,2016-17,Departures,Student - higher education,1680,-1680
Western Australia,WA,2017-18,Departures,Student - higher education,1880,-1880
Western Australia,WA,2018-19,Departures,Student - higher education,2020,-2020
Western Australia,WA,2019-20,Departures,Student - higher education,2350,-2350
Western Australia,WA,2020-21,Departures,Student - higher education,1510,-1510
Western Australia,WA,2021-22,Departures,Student - higher education,820,-820
Western Australia,WA,2022-23,Departures,Student - higher education,410,-410
Western Australia,WA,2023-24,Departures,Student - higher education,830,-830
Western Australia,WA,2004-05,Departures,Student - other,660,-660
Western Australia,WA,2005-06,Departures,Student - other,690,-690
Western Australia,WA,2006-07,Departures,Student - other,580,-580
Western Australia,WA,2007-08,Departures,Student - other,550,-550
Western Australia,WA,2008-09,Departures,Student - other,660,-660
Western Australia,WA,2009-10,Departures,Student - other,850,-850
Western Australia,WA,2010-11,Departures,Student - other,770,-770
Western Australia,WA,2011-12,Departures,Student - other,860,-860
Western Australia,WA,2012-13,Departures,Student - other,800,-800
Western Australia,WA,2013-14,Departures,Student - other,990,-990
Western Australia,WA,2014-15,Departures,Student - other,1140,-1140
Western Australia,WA,2015-16,Departures,Student - other,1180,-1180
Western Australia,WA,2016-17,Departures,Student - other,1110,-1110
Western Australia,WA,2017-18,Departures,Student - other,770,-770
Western Australia,WA,2018-19,Departures,Student - other,750,-750
Western Australia,WA,2019-20,Departures,Student - other,850,-850
Western Australia,WA,2020-21,Departures,Student - other,500,-500
Western Australia,WA,2021-22,Departures,Student - other,380,-380
Western Australia,WA,2022-23,Departures,Student - other,210,-210
Western Australia,WA,2023-24,Departures,Student - other,400,-400
Tasmania,TAS,2004-05,Arrivals,Student - VET,30,30
Tasmania,TAS,2005-06,Arrivals,Student - VET,50,50
Tasmania,TAS,2006-07,Arrivals,Student - VET,90,90
Tasmania,TAS,2007-08,Arrivals,Student - VET,80,80
Tasmania,TAS,2008-09,Arrivals,Student - VET,170,170
Tasmania,TAS,2009-10,Arrivals,Student - VET,80,80
Tasmania,TAS,2010-11,Arrivals,Student - VET,40,40
Tasmania,TAS,2011-12,Arrivals,Student - VET,40,40
Tasmania,TAS,2012-13,Arrivals,Student - VET,30,30
Tasmania,TAS,2013-14,Arrivals,Student - VET,30,30
Tasmania,TAS,2014-15,Arrivals,Student - VET,30,30
Tasmania,TAS,2015-16,Arrivals,Student - VET,30,30
Tasmania,TAS,2016-17,Arrivals,Student - VET,40,40
Tasmania,TAS,2017-18,Arrivals,Student - VET,90,90
Tasmania,TAS,2018-19,Arrivals,Student - VET,110,110
Tasmania,TAS,2019-20,Arrivals,Student - VET,110,110
Tasmania,TAS,2020-21,Arrivals,Student - VET,10,10
Tasmania,TAS,2021-22,Arrivals,Student - VET,190,190
Tasmania,TAS,2022-23,Arrivals,Student - VET,290,290
Tasmania,TAS,2023-24,Arrivals,Student - VET,110,110
Tasmania,TAS,2004-05,Arrivals,Student - higher education,420,420
Tasmania,TAS,2005-06,Arrivals,Student - higher education,450,450
Tasmania,TAS,2006-07,Arrivals,Student - higher education,540,540
Tasmania,TAS,2007-08,Arrivals,Student - higher education,670,670
Tasmania,TAS,2008-09,Arrivals,Student - higher education,680,680
Tasmania,TAS,2009-10,Arrivals,Student - higher education,680,680
Tasmania,TAS,2010-11,Arrivals,Student - higher education,490,490
Tasmania,TAS,2011-12,Arrivals,Student - higher education,640,640
Tasmania,TAS,2012-13,Arrivals,Student - higher education,580,580
Tasmania,TAS,2013-14,Arrivals,Student - higher education,740,740
Tasmania,TAS,2014-15,Arrivals,Student - higher education,1120,1120
Tasmania,TAS,2015-16,Arrivals,Student - higher education,970,970
Tasmania,TAS,2016-17,Arrivals,Student - higher education,1020,1020
Tasmania,TAS,2017-18,Arrivals,Student - higher education,1230,1230
Tasmania,TAS,2018-19,Arrivals,Student - higher education,1360,1360
Tasmania,TAS,2019-20,Arrivals,Student - higher education,830,830
Tasmania,TAS,2020-21,Arrivals,Student - higher education,10,10
Tasmania,TAS,2021-22,Arrivals,Student - higher education,960,960
Tasmania,TAS,2022-23,Arrivals,Student - higher education,1360,1360
Tasmania,TAS,2023-24,Arrivals,Student - higher education,1140,1140
Tasmania,TAS,2004-05,Arrivals,Student - other,240,240
Tasmania,TAS,2005-06,Arrivals,Student - other,220,220
Tasmania,TAS,2006-07,Arrivals,Student - other,220,220
Tasmania,TAS,2007-08,Arrivals,Student - other,250,250
Tasmania,TAS,2008-09,Arrivals,Student - other,200,200
Tasmania,TAS,2009-10,Arrivals,Student - other,170,170
Tasmania,TAS,2010-11,Arrivals,Student - other,170,170
Tasmania,TAS,2011-12,Arrivals,Student - other,170,170
Tasmania,TAS,2012-13,Arrivals,Student - other,210,210
Tasmania,TAS,2013-14,Arrivals,Student - other,200,200
Tasmania,TAS,2014-15,Arrivals,Student - other,260,260
Tasmania,TAS,2015-16,Arrivals,Student - other,290,290
Tasmania,TAS,2016-17,Arrivals,Student - other,250,250
Tasmania,TAS,2017-18,Arrivals,Student - other,280,280
Tasmania,TAS,2018-19,Arrivals,Student - other,240,240
Tasmania,TAS,2019-20,Arrivals,Student - other,200,200
Tasmania,TAS,2020-21,Arrivals,Student - other,20,20
Tasmania,TAS,2021-22,Arrivals,Student - other,160,160
Tasmania,TAS,2022-23,Arrivals,Student - other,350,350
Tasmania,TAS,2023-24,Arrivals,Student - other,260,260
Tasmania,TAS,2004-05,Departures,Student - VET,30,-30
Tasmania,TAS,2005-06,Departures,Student - VET,30,-30
Tasmania,TAS,2006-07,Departures,Student - VET,40,-40
Tasmania,TAS,2007-08,Departures,Student - VET,30,-30
Tasmania,TAS,2008-09,Departures,Student - VET,20,-20
Tasmania,TAS,2009-10,Departures,Student - VET,50,-50
Tasmania,TAS,2010-11,Departures,Student - VET,50,-50
Tasmania,TAS,2011-12,Departures,Student - VET,40,-40
Tasmania,TAS,2012-13,Departures,Student - VET,20,-20
Tasmania,TAS,2013-14,Departures,Student - VET,20,-20
Tasmania,TAS,2014-15,Departures,Student - VET,20,-20
Tasmania,TAS,2015-16,Departures,Student - VET,20,-20
Tasmania,TAS,2016-17,Departures,Student - VET,20,-20
Tasmania,TAS,2017-18,Departures,Student - VET,30,-30
Tasmania,TAS,2018-19,Departures,Student - VET,50,-50
Tasmania,TAS,2019-20,Departures,Student - VET,120,-120
Tasmania,TAS,2020-21,Departures,Student - VET,70,-70
Tasmania,TAS,2021-22,Departures,Student - VET,60,-60
Tasmania,TAS,2022-23,Departures,Student - VET,30,-30
Tasmania,TAS,2023-24,Departures,Student - VET,40,-40
Tasmania,TAS,2004-05,Departures,Student - higher education,100,-100
Tasmania,TAS,2005-06,Departures,Student - higher education,170,-170
Tasmania,TAS,2006-07,Departures,Student - higher education,170,-170
Tasmania,TAS,2007-08,Departures,Student - higher education,210,-210
Tasmania,TAS,2008-09,Departures,Student - higher education,220,-220
Tasmania,TAS,2009-10,Departures,Student - higher education,290,-290
Tasmania,TAS,2010-11,Departures,Student - higher education,340,-340
Tasmania,TAS,2011-12,Departures,Student - higher education,360,-360
Tasmania,TAS,2012-13,Departures,Student - higher education,390,-390
Tasmania,TAS,2013-14,Departures,Student - higher education,380,-380
Tasmania,TAS,2014-15,Departures,Student - higher education,410,-410
Tasmania,TAS,2015-16,Departures,Student - higher education,260,-260
Tasmania,TAS,2016-17,Departures,Student - higher education,250,-250
Tasmania,TAS,2017-18,Departures,Student - higher education,290,-290
Tasmania,TAS,2018-19,Departures,Student - higher education,360,-360
Tasmania,TAS,2019-20,Departures,Student - higher education,690,-690
Tasmania,TAS,2020-21,Departures,Student - higher education,220,-220
Tasmania,TAS,2021-22,Departures,Student - higher education,80,-80
Tasmania,TAS,2022-23,Departures,Student - higher education,60,-60
Tasmania,TAS,2023-24,Departures,Student - higher education,80,-80
Tasmania,TAS,2004-05,Departures,Student - other,70,-70
Tasmania,TAS,2005-06,Departures,Student - other,70,-70
Tasmania,TAS,2006-07,Departures,Student - other,90,-90
Tasmania,TAS,2007-08,Departures,Student - other,70,-70
Tasmania,TAS,2008-09,Departures,Student - other,90,-90
Tasmania,TAS,2009-10,Departures,Student - other,100,-100
Tasmania,TAS,2010-11,Departures,Student - other,100,-100
Tasmania,TAS,2011-12,Departures,Student - other,90,-90
Tasmania,TAS,2012-13,Departures,Student - other,90,-90
Tasmania,TAS,2013-14,Departures,Student - other,80,-80
Tasmania,TAS,2014-15,Departures,Student - other,110,-110
Tasmania,TAS,2015-16,Departures,Student - other,100,-100
Tasmania,TAS,2016-17,Departures,Student - other,110,-110
Tasmania,TAS,2017-18,Departures,Student - other,90,-90
Tasmania,TAS,2018-19,Departures,Student - other,140,-140
Tasmania,TAS,2019-20,Departures,Student - other,180,-180
Tasmania,TAS,2020-21,Departures,Student - other,80,-80
Tasmania,TAS,2021-22,Departures,Student - other,70,-70
Tasmania,TAS,2022-23,Departures,Student - other,40,-40
Tasmania,TAS,2023-24,Departures,Student - other,50,-50
Northern Territory,NT,2004-05,Arrivals,Student - VET,10,10
Northern Territory,NT,2005-06,Arrivals,Student - VET,20,20
Northern Territory,NT,2006-07,Arrivals,Student - VET,30,30
Northern Territory,NT,2007-08,Arrivals,Student - VET,50,50
Northern Territory,NT,2008-09,Arrivals,Student - VET,80,80
Northern Territory,NT,2009-10,Arrivals,Student - VET,70,70
Northern Territory,NT,2010-11,Arrivals,Student - VET,30,30
Northern Territory,NT,2011-12,Arrivals,Student - VET,40,40
Northern Territory,NT,2012-13,Arrivals,Student - VET,30,30
Northern Territory,NT,2013-14,Arrivals,Student - VET,50,50
Northern Territory,NT,2014-15,Arrivals,Student - VET,30,30
Northern Territory,NT,2015-16,Arrivals,Student - VET,50,50
Northern Territory,NT,2016-17,Arrivals,Student - VET,50,50
Northern Territory,NT,2017-18,Arrivals,Student - VET,50,50
Northern Territory,NT,2018-19,Arrivals,Student - VET,160,160
Northern Territory,NT,2019-20,Arrivals,Student - VET,60,60
Northern Territory,NT,2020-21,Arrivals,Student - VET,0,0
Northern Territory,NT,2021-22,Arrivals,Student - VET,150,150
Northern Territory,NT,2022-23,Arrivals,Student - VET,250,250
Northern Territory,NT,2023-24,Arrivals,Student - VET,100,100
Northern Territory,NT,2004-05,Arrivals,Student - higher education,50,50
Northern Territory,NT,2005-06,Arrivals,Student - higher education,90,90
Northern Territory,NT,2006-07,Arrivals,Student - higher education,120,120
Northern Territory,NT,2007-08,Arrivals,Student - higher education,130,130
Northern Territory,NT,2008-09,Arrivals,Student - higher education,190,190
Northern Territory,NT,2009-10,Arrivals,Student - higher education,160,160
Northern Territory,NT,2010-11,Arrivals,Student - higher education,140,140
Northern Territory,NT,2011-12,Arrivals,Student - higher education,220,220
Northern Territory,NT,2012-13,Arrivals,Student - higher education,270,270
Northern Territory,NT,2013-14,Arrivals,Student - higher education,350,350
Northern Territory,NT,2014-15,Arrivals,Student - higher education,470,470
Northern Territory,NT,2015-16,Arrivals,Student - higher education,520,520
Northern Territory,NT,2016-17,Arrivals,Student - higher education,470,470
Northern Territory,NT,2017-18,Arrivals,Student - higher education,330,330
Northern Territory,NT,2018-19,Arrivals,Student - higher education,290,290
Northern Territory,NT,2019-20,Arrivals,Student - higher education,250,250
Northern Territory,NT,2020-21,Arrivals,Student - higher education,20,20
Northern Territory,NT,2021-22,Arrivals,Student - higher education,410,410
Northern Territory,NT,2022-23,Arrivals,Student - higher education,1170,1170
Northern Territory,NT,2023-24,Arrivals,Student - higher education,960,960
Northern Territory,NT,2004-05,Arrivals,Student - other,50,50
Northern Territory,NT,2005-06,Arrivals,Student - other,40,40
Northern Territory,NT,2006-07,Arrivals,Student - other,60,60
Northern Territory,NT,2007-08,Arrivals,Student - other,80,80
Northern Territory,NT,2008-09,Arrivals,Student - other,60,60
Northern Territory,NT,2009-10,Arrivals,Student - other,90,90
Northern Territory,NT,2010-11,Arrivals,Student - other,70,70
Northern Territory,NT,2011-12,Arrivals,Student - other,70,70
Northern Territory,NT,2012-13,Arrivals,Student - other,90,90
Northern Territory,NT,2013-14,Arrivals,Student - other,90,90
Northern Territory,NT,2014-15,Arrivals,Student - other,90,90
Northern Territory,NT,2015-16,Arrivals,Student - other,80,80
Northern Territory,NT,2016-17,Arrivals,Student - other,90,90
Northern Territory,NT,2017-18,Arrivals,Student - other,60,60
Northern Territory,NT,2018-19,Arrivals,Student - other,100,100
Northern Territory,NT,2019-20,Arrivals,Student - other,70,70
Northern Territory,NT,2020-21,Arrivals,Student - other,10,10
Northern Territory,NT,2021-22,Arrivals,Student - other,80,80
Northern Territory,NT,2022-23,Arrivals,Student - other,160,160
Northern Territory,NT,2023-24,Arrivals,Student - other,90,90
Northern Territory,NT,2004-05,Departures,Student - VET,0,-0
Northern Territory,NT,2005-06,Departures,Student - VET,0,-0
Northern Territory,NT,2006-07,Departures,Student - VET,10,-10
Northern Territory,NT,2007-08,Departures,Student - VET,10,-10
Northern Territory,NT,2008-09,Departures,Student - VET,10,-10
Northern Territory,NT,2009-10,Departures,Student - VET,20,-20
Northern Territory,NT,2010-11,Departures,Student - VET,20,-20
Northern Territory,NT,2011-12,Departures,Student - VET,30,-30
Northern Territory,NT,2012-13,Departures,Student - VET,20,-20
Northern Territory,NT,2013-14,Departures,Student - VET,20,-20
Northern Territory,NT,2014-15,Departures,Student - VET,30,-30
Northern Territory,NT,2015-16,Departures,Student - VET,40,-40
Northern Territory,NT,2016-17,Departures,Student - VET,40,-40
Northern Territory,NT,2017-18,Departures,Student - VET,30,-30
Northern Territory,NT,2018-19,Departures,Student - VET,50,-50
Northern Territory,NT,2019-20,Departures,Student - VET,50,-50
Northern Territory,NT,2020-21,Departures,Student - VET,30,-30
Northern Territory,NT,2021-22,Departures,Student - VET,30,-30
Northern Territory,NT,2022-23,Departures,Student - VET,20,-20
Northern Territory,NT,2023-24,Departures,Student - VET,20,-20
Northern Territory,NT,2004-05,Departures,Student - higher education,10,-10
Northern Territory,NT,2005-06,Departures,Student - higher education,10,-10
Northern Territory,NT,2006-07,Departures,Student - higher education,40,-40
Northern Territory,NT,2007-08,Departures,Student - higher education,30,-30
Northern Territory,NT,2008-09,Departures,Student - higher education,20,-20
Northern Territory,NT,2009-10,Departures,Student - higher education,40,-40
Northern Territory,NT,2010-11,Departures,Student - higher education,50,-50
Northern Territory,NT,2011-12,Departures,Student - higher education,40,-40
Northern Territory,NT,2012-13,Departures,Student - higher education,50,-50
Northern Territory,NT,2013-14,Departures,Student - higher education,50,-50
Northern Territory,NT,2014-15,Departures,Student - higher education,40,-40
Northern Territory,NT,2015-16,Departures,Student - higher education,60,-60
Northern Territory,NT,2016-17,Departures,Student - higher education,70,-70
Northern Territory,NT,2017-18,Departures,Student - higher education,50,-50
Northern Territory,NT,2018-19,Departures,Student - higher education,30,-30
Northern Territory,NT,2019-20,Departures,Student - higher education,50,-50
Northern Territory,NT,2020-21,Departures,Student - higher education,20,-20
Northern Territory,NT,2021-22,Departures,Student - higher education,30,-30
Northern Territory,NT,2022-23,Departures,Student - higher education,10,-10
Northern Territory,NT,2023-24,Departures,Student - higher education,10,-10
Northern Territory,NT,2004-05,Departures,Student - other,50,-50
Northern Territory,NT,2005-06,Departures,Student - other,30,-30
Northern Territory,NT,2006-07,Departures,Student - other,20,-20
Northern Territory,NT,2007-08,Departures,Student - other,30,-30
Northern Territory,NT,2008-09,Departures,Student - other,10,-10
Northern Territory,NT,2009-10,Departures,Student - other,20,-20
Northern Territory,NT,2010-11,Departures,Student - other,30,-30
Northern Territory,NT,2011-12,Departures,Student - other,30,-30
Northern Territory,NT,2012-13,Departures,Student - other,40,-40
Northern Territory,NT,2013-14,Departures,Student - other,50,-50
Northern Territory,NT,2014-15,Departures,Student - other,60,-60
Northern Territory,NT,2015-16,Departures,Student - other,40,-40
Northern Territory,NT,2016-17,Departures,Student - other,60,-60
Northern Territory,NT,2017-18,Departures,Student - other,30,-30
Northern Territory,NT,2018-19,Departures,Student - other,50,-50
Northern Territory,NT,2019-20,Departures,Student - other,30,-30
Northern Territory,NT,2020-21,Departures,Student - other,20,-20
Northern Territory,NT,2021-22,Departures,Student - other,20,-20
Northern Territory,NT,2022-23,Departures,Student - other,20,-20
Northern Territory,NT,2023-24,Departures,Student - other,20,-20
Australian Capital Territory,ACT,2004-05,Arrivals,Student - VET,60,60
Australian Capital Territory,ACT,2005-06,Arrivals,Student - VET,90,90
Australian Capital Territory,ACT,2006-07,Arrivals,Student - VET,130,130
Australian Capital Territory,ACT,2007-08,Arrivals,Student - VET,230,230
Australian Capital Territory,ACT,2008-09,Arrivals,Student - VET,330,330
Australian Capital Territory,ACT,2009-10,Arrivals,Student - VET,260,260
Australian Capital Territory,ACT,2010-11,Arrivals,Student - VET,130,130
Australian Capital Territory,ACT,2011-12,Arrivals,Student - VET,170,170
Australian Capital Territory,ACT,2012-13,Arrivals,Student - VET,150,150
Australian Capital Territory,ACT,2013-14,Arrivals,Student - VET,180,180
Australian Capital Territory,ACT,2014-15,Arrivals,Student - VET,150,150
Australian Capital Territory,ACT,2015-16,Arrivals,Student - VET,200,200
Australian Capital Territory,ACT,2016-17,Arrivals,Student - VET,210,210
Australian Capital Territory,ACT,2017-18,Arrivals,Student - VET,230,230
Australian Capital Territory,ACT,2018-19,Arrivals,Student - VET,210,210
Australian Capital Territory,ACT,2019-20,Arrivals,Student - VET,120,120
Australian Capital Territory,ACT,2020-21,Arrivals,Student - VET,0,0
Australian Capital Territory,ACT,2021-22,Arrivals,Student - VET,340,340
Australian Capital Territory,ACT,2022-23,Arrivals,Student - VET,390,390
Australian Capital Territory,ACT,2023-24,Arrivals,Student - VET,180,180
Australian Capital Territory,ACT,2004-05,Arrivals,Student - higher education,510,510
Australian Capital Territory,ACT,2005-06,Arrivals,Student - higher education,690,690
Australian Capital Territory,ACT,2006-07,Arrivals,Student - higher education,860,860
Australian Capital Territory,ACT,2007-08,Arrivals,Student - higher education,1070,1070
Australian Capital Territory,ACT,2008-09,Arrivals,Student - higher education,1360,1360
Australian Capital Territory,ACT,2009-10,Arrivals,Student - higher education,1480,1480
Australian Capital Territory,ACT,2010-11,Arrivals,Student - higher education,1190,1190
Australian Capital Territory,ACT,2011-12,Arrivals,Student - higher education,1290,1290
Australian Capital Territory,ACT,2012-13,Arrivals,Student - higher education,1410,1410
Australian Capital Territory,ACT,2013-14,Arrivals,Student - higher education,2030,2030
Australian Capital Territory,ACT,2014-15,Arrivals,Student - higher education,2310,2310
Australian Capital Territory,ACT,2015-16,Arrivals,Student - higher education,2430,2430
Australian Capital Territory,ACT,2016-17,Arrivals,Student - higher education,2870,2870
Australian Capital Territory,ACT,2017-18,Arrivals,Student - higher education,3230,3230
Australian Capital Territory,ACT,2018-19,Arrivals,Student - higher education,2420,2420
Australian Capital Territory,ACT,2019-20,Arrivals,Student - higher education,1530,1530
Australian Capital Territory,ACT,2020-21,Arrivals,Student - higher education,20,20
Australian Capital Territory,ACT,2021-22,Arrivals,Student - higher education,2560,2560
Australian Capital Territory,ACT,2022-23,Arrivals,Student - higher education,4720,4720
Australian Capital Territory,ACT,2023-24,Arrivals,Student - higher education,3370,3370
Australian Capital Territory,ACT,2004-05,Arrivals,Student - other,580,580
Australian Capital Territory,ACT,2005-06,Arrivals,Student - other,500,500
Australian Capital Territory,ACT,2006-07,Arrivals,Student - other,620,620
Australian Capital Territory,ACT,2007-08,Arrivals,Student - other,630,630
Australian Capital Territory,ACT,2008-09,Arrivals,Student - other,670,670
Australian Capital Territory,ACT,2009-10,Arrivals,Student - other,730,730
Australian Capital Territory,ACT,2010-11,Arrivals,Student - other,660,660
Australian Capital Territory,ACT,2011-12,Arrivals,Student - other,810,810
Australian Capital Territory,ACT,2012-13,Arrivals,Student - other,880,880
Australian Capital Territory,ACT,2013-14,Arrivals,Student - other,850,850
Australian Capital Territory,ACT,2014-15,Arrivals,Student - other,860,860
Australian Capital Territory,ACT,2015-16,Arrivals,Student - other,780,780
Australian Capital Territory,ACT,2016-17,Arrivals,Student - other,890,890
Australian Capital Territory,ACT,2017-18,Arrivals,Student - other,900,900
Australian Capital Territory,ACT,2018-19,Arrivals,Student - other,700,700
Australian Capital Territory,ACT,2019-20,Arrivals,Student - other,520,520
Australian Capital Territory,ACT,2020-21,Arrivals,Student - other,50,50
Australian Capital Territory,ACT,2021-22,Arrivals,Student - other,770,770
Australian Capital Territory,ACT,2022-23,Arrivals,Student - other,880,880
Australian Capital Territory,ACT,2023-24,Arrivals,Student - other,780,780
Australian Capital Territory,ACT,2004-05,Departures,Student - VET,20,-20
Australian Capital Territory,ACT,2005-06,Departures,Student - VET,40,-40
Australian Capital Territory,ACT,2006-07,Departures,Student - VET,30,-30
Australian Capital Territory,ACT,2007-08,Departures,Student - VET,30,-30
Australian Capital Territory,ACT,2008-09,Departures,Student - VET,30,-30
Australian Capital Territory,ACT,2009-10,Departures,Student - VET,70,-70
Australian Capital Territory,ACT,2010-11,Departures,Student - VET,70,-70
Australian Capital Territory,ACT,2011-12,Departures,Student - VET,70,-70
Australian Capital Territory,ACT,2012-13,Departures,Student - VET,70,-70
Australian Capital Territory,ACT,2013-14,Departures,Student - VET,110,-110
Australian Capital Territory,ACT,2014-15,Departures,Student - VET,80,-80
Australian Capital Territory,ACT,2015-16,Departures,Student - VET,70,-70
Australian Capital Territory,ACT,2016-17,Departures,Student - VET,80,-80
Australian Capital Territory,ACT,2017-18,Departures,Student - VET,110,-110
Australian Capital Territory,ACT,2018-19,Departures,Student - VET,110,-110
Australian Capital Territory,ACT,2019-20,Departures,Student - VET,180,-180
Australian Capital Territory,ACT,2020-21,Departures,Student - VET,120,-120
Australian Capital Territory,ACT,2021-22,Departures,Student - VET,80,-80
Australian Capital Territory,ACT,2022-23,Departures,Student - VET,50,-50
Australian Capital Territory,ACT,2023-24,Departures,Student - VET,80,-80
Australian Capital Territory,ACT,2004-05,Departures,Student - higher education,170,-170
Australian Capital Territory,ACT,2005-06,Departures,Student - higher education,250,-250
Australian Capital Territory,ACT,2006-07,Departures,Student - higher education,340,-340
Australian Capital Territory,ACT,2007-08,Departures,Student - higher education,320,-320
Australian Capital Territory,ACT,2008-09,Departures,Student - higher education,350,-350
Australian Capital Territory,ACT,2009-10,Departures,Student - higher education,580,-580
Australian Capital Territory,ACT,2010-11,Departures,Student - higher education,790,-790
Australian Capital Territory,ACT,2011-12,Departures,Student - higher education,1020,-1020
Australian Capital Territory,ACT,2012-13,Departures,Student - higher education,1090,-1090
Australian Capital Territory,ACT,2013-14,Departures,Student - higher education,1020,-1020
Australian Capital Territory,ACT,2014-15,Departures,Student - higher education,840,-840
Australian Capital Territory,ACT,2015-16,Departures,Student - higher education,840,-840
Australian Capital Territory,ACT,2016-17,Departures,Student - higher education,990,-990
Australian Capital Territory,ACT,2017-18,Departures,Student - higher education,1250,-1250
Australian Capital Territory,ACT,2018-19,Departures,Student - higher education,1750,-1750
Australian Capital Territory,ACT,2019-20,Departures,Student - higher education,2480,-2480
Australian Capital Territory,ACT,2020-21,Departures,Student - higher education,1420,-1420
Australian Capital Territory,ACT,2021-22,Departures,Student - higher education,440,-440
Australian Capital Territory,ACT,2022-23,Departures,Student - higher education,270,-270
Australian Capital Territory,ACT,2023-24,Departures,Student - higher education,840,-840
Australian Capital Territory,ACT,2004-05,Departures,Student - other,350,-350
Australian Capital Territory,ACT,2005-06,Departures,Student - other,450,-450
Australian Capital Territory,ACT,2006-07,Departures,Student - other,360,-360
Australian Capital Territory,ACT,2007-08,Departures,Student - other,410,-410
Australian Capital Territory,ACT,2008-09,Departures,Student - other,450,-450
Australian Capital Territory,ACT,2009-10,Departures,Student - other,450,-450
Australian Capital Territory,ACT,2010-11,Departures,Student - other,450,-450
Australian Capital Territory,ACT,2011-12,Departures,Student - other,530,-530
Australian Capital Territory,ACT,2012-13,Departures,Student - other,500,-500
Australian Capital Territory,ACT,2013-14,Departures,Student - other,590,-590
Australian Capital Territory,ACT,2014-15,Departures,Student - other,620,-620
Australian Capital Territory,ACT,2015-16,Departures,Student - other,620,-620
Australian Capital Territory,ACT,2016-17,Departures,Student - other,570,-570
Australian Capital Territory,ACT,2017-18,Departures,Student - other,420,-420
Australian Capital Territory,ACT,2018-19,Departures,Student - other,520,-520
Australian Capital Territory,ACT,2019-20,Departures,Student - other,610,-610
Australian Capital Territory,ACT,2020-21,Departures,Student - other,380,-380
Australian Capital Territory,ACT,2021-22,Departures,Student - other,240,-240
Australian Capital Territory,ACT,2022-23,Departures,Student - other,270,-270
Australian Capital Territory,ACT,2023-24,Departures,Student - other,310,-310
