state_code,state_name,region,nationality,2019,2020,2021,2022,2023,2024,2025
ACT,Australian Capital Territory,Southern and Central Asia,Afghanistan,1,2,4,3,1,2,2
ACT,Australian Capital Territory,Southern and Eastern Europe,Albania,1,0,1,1,1,1,0
ACT,Australian Capital Territory,North Africa and the Middle East,Algeria,3,2,3,3,4,3,2
ACT,Australian Capital Territory,Americas,Antigua and Barbuda,0,0,0,0,1,1,1
ACT,Australian Capital Territory,Americas,Argentina,9,11,6,6,10,17,14
ACT,Australian Capital Territory,Southern and Central Asia,Armenia,0,0,0,2,2,1,0
ACT,Australian Capital Territory,North-West Europe,Austria,3,0,0,1,3,1,6
ACT,Australian Capital Territory,Southern and Central Asia,Azerbaijan,0,1,1,1,0,0,1
ACT,Australian Capital Territory,Americas,Bahamas,0,0,0,0,0,0,1
ACT,Australian Capital Territory,North Africa and the Middle East,Bahrain,0,0,0,0,0,2,2
ACT,Australian Capital Territory,Southern and Central Asia,Bangladesh,212,233,251,273,315,356,386
ACT,Australian Capital Territory,North-West Europe,Belgium,11,12,6,7,7,2,6
ACT,Australian Capital Territory,Americas,Belize,2,1,1,0,0,0,0
ACT,Australian Capital Territory,Southern and Central Asia,Bhutan,645,758,667,743,1231,1555,1347
ACT,Australian Capital Territory,Americas,Bolivia,1,1,0,1,1,2,3
ACT,Australian Capital Territory,Southern and Eastern Europe,Bosnia and Herzegovina,2,2,0,2,0,0,0
ACT,Australian Capital Territory,Sub-Saharan Africa,Botswana,2,3,7,4,3,6,4
ACT,Australian Capital Territory,Americas,Brazil,76,69,56,58,76,78,83
ACT,Australian Capital Territory,South-East Asia,Brunei Darussalam,9,9,4,3,3,5,4
ACT,Australian Capital Territory,Southern and Eastern Europe,Bulgaria,5,4,3,3,2,2,0
ACT,Australian Capital Territory,Sub-Saharan Africa,Burundi,0,0,0,1,1,0,0
ACT,Australian Capital Territory,South-East Asia,Cambodia,83,77,72,65,69,66,61
ACT,Australian Capital Territory,Sub-Saharan Africa,Cameroon,3,2,2,1,1,1,1
ACT,Australian Capital Territory,Americas,Canada,59,56,17,35,50,47,42
ACT,Australian Capital Territory,Americas,Chile,49,42,28,23,41,50,44
ACT,Australian Capital Territory,North-East Asia,China,10382,8063,7439,7187,8318,8450,8487
ACT,Australian Capital Territory,Americas,Colombia,128,102,87,88,138,149,132
ACT,Australian Capital Territory,Americas,Costa Rica,1,1,1,1,0,1,2
ACT,Australian Capital Territory,Sub-Saharan Africa,Cote d'Ivoire,0,0,2,0,0,0,0
ACT,Australian Capital Territory,Southern and Eastern Europe,Croatia,1,0,0,2,1,0,0
ACT,Australian Capital Territory,Southern and Eastern Europe,Cyprus,0,0,1,2,2,1,1
ACT,Australian Capital Territory,Southern and Eastern Europe,Czech Republic,7,2,0,1,1,3,4
ACT,Australian Capital Territory,North-West Europe,Denmark,12,3,2,9,23,19,15
ACT,Australian Capital Territory,Americas,Dominica,1,0,0,0,0,0,0
ACT,Australian Capital Territory,Americas,Ecuador,11,5,1,2,4,12,13
ACT,Australian Capital Territory,North Africa and the Middle East,Egypt,22,22,27,29,33,34,35
ACT,Australian Capital Territory,Americas,El Salvador,0,0,0,0,1,1,1
ACT,Australian Capital Territory,Southern and Eastern Europe,Estonia,1,1,0,1,1,4,6
ACT,Australian Capital Territory,Sub-Saharan Africa,Ethiopia,5,8,10,12,21,28,28
ACT,Australian Capital Territory,Oceania and Antarctica,Fiji,23,25,21,25,52,75,77
ACT,Australian Capital Territory,North-West Europe,Finland,22,14,8,11,11,8,9
ACT,Australian Capital Territory,North-West Europe,France,60,52,23,34,52,54,53
ACT,Australian Capital Territory,North Africa and the Middle East,Gaza Strip and West Bank,3,1,2,3,2,2,2
ACT,Australian Capital Territory,Southern and Central Asia,Georgia,1,1,1,1,1,0,0
ACT,Australian Capital Territory,North-West Europe,Germany,68,62,35,54,68,57,52
ACT,Australian Capital Territory,Sub-Saharan Africa,Ghana,15,15,21,20,17,15,16
ACT,Australian Capital Territory,Southern and Eastern Europe,Gibraltar,0,0,0,0,1,1,0
ACT,Australian Capital Territory,Southern and Eastern Europe,Greece,3,5,5,2,0,1,1
ACT,Australian Capital Territory,Americas,Guatemala,0,0,0,1,1,0,0
ACT,Australian Capital Territory,North-East Asia,Hong Kong SAR,321,268,227,233,285,250,206
ACT,Australian Capital Territory,Southern and Eastern Europe,Hungary,4,2,1,2,3,4,3
ACT,Australian Capital Territory,Southern and Central Asia,India,1695,2194,2736,3418,3679,4103,3649
ACT,Australian Capital Territory,South-East Asia,Indonesia,316,289,281,297,387,507,454
ACT,Australian Capital Territory,North Africa and the Middle East,Iran,80,79,77,76,82,82,84
ACT,Australian Capital Territory,North Africa and the Middle East,Iraq,3,2,2,1,1,3,4
ACT,Australian Capital Territory,North-West Europe,Ireland,23,15,5,9,21,20,23
ACT,Australian Capital Territory,North Africa and the Middle East,Israel,1,1,1,1,1,5,7
ACT,Australian Capital Territory,Southern and Eastern Europe,Italy,55,49,36,38,35,54,60
ACT,Australian Capital Territory,Americas,Jamaica,0,0,0,1,1,1,0
ACT,Australian Capital Territory,North-East Asia,Japan,119,81,54,94,133,155,166
ACT,Australian Capital Territory,North Africa and the Middle East,Jordan,10,9,9,6,9,10,18
ACT,Australian Capital Territory,Southern and Central Asia,Kazakhstan,9,11,8,7,6,7,5
ACT,Australian Capital Territory,Sub-Saharan Africa,Kenya,39,37,36,50,58,56,64
ACT,Australian Capital Territory,Oceania and Antarctica,Kiribati,0,2,0,1,1,2,3
ACT,Australian Capital Territory,North-East Asia,"Korea, Republic of (South)",379,321,289,296,259,252,255
ACT,Australian Capital Territory,North Africa and the Middle East,Kuwait,2,1,5,11,17,19,23
ACT,Australian Capital Territory,Southern and Central Asia,Kyrgyzstan,0,0,0,0,0,0,1
ACT,Australian Capital Territory,South-East Asia,Laos,50,48,48,43,45,43,35
ACT,Australian Capital Territory,Southern and Eastern Europe,Latvia,3,2,2,2,2,1,1
ACT,Australian Capital Territory,North Africa and the Middle East,Lebanon,7,19,19,11,6,5,1
ACT,Australian Capital Territory,Sub-Saharan Africa,Liberia,2,2,0,0,0,0,0
ACT,Australian Capital Territory,North Africa and the Middle East,Libya,0,0,1,2,2,2,1
ACT,Australian Capital Territory,Southern and Eastern Europe,Lithuania,5,4,0,0,0,0,0
ACT,Australian Capital Territory,North-East Asia,Macau,18,11,14,11,13,13,8
ACT,Australian Capital Territory,Sub-Saharan Africa,Madagascar,1,1,0,0,0,0,0
ACT,Australian Capital Territory,South-East Asia,Malaysia,382,317,288,246,210,244,240
ACT,Australian Capital Territory,Southern and Central Asia,Maldives,3,2,2,1,1,2,4
ACT,Australian Capital Territory,Southern and Eastern Europe,Malta,0,0,0,0,0,0,1
ACT,Australian Capital Territory,Oceania and Antarctica,Marshall Islands,0,0,0,1,1,1,1
ACT,Australian Capital Territory,Sub-Saharan Africa,Mauritius,26,32,28,24,32,36,23
ACT,Australian Capital Territory,Americas,Mexico,32,20,17,15,18,40,32
ACT,Australian Capital Territory,Southern and Eastern Europe,Moldova,1,0,0,0,0,0,0
ACT,Australian Capital Territory,North-West Europe,Monaco,0,0,0,0,0,0,1
ACT,Australian Capital Territory,North-East Asia,Mongolia,73,44,40,44,65,100,86
ACT,Australian Capital Territory,North Africa and the Middle East,Morocco,3,1,0,3,2,1,1
ACT,Australian Capital Territory,Sub-Saharan Africa,Mozambique,1,2,2,3,3,2,1
ACT,Australian Capital Territory,South-East Asia,Myanmar,41,67,58,58,39,34,26
ACT,Australian Capital Territory,Sub-Saharan Africa,Namibia,1,0,0,0,0,0,0
ACT,Australian Capital Territory,Oceania and Antarctica,Nauru,0,0,0,0,1,1,1
ACT,Australian Capital Territory,Southern and Central Asia,Nepal,723,1285,1817,2260,2163,2139,2168
ACT,Australian Capital Territory,North-West Europe,Netherlands,26,7,3,25,29,39,29
ACT,Australian Capital Territory,Americas,Netherlands Antilles,0,0,0,1,0,0,0
ACT,Australian Capital Territory,Sub-Saharan Africa,Niger,0,2,0,0,0,0,0
ACT,Australian Capital Territory,Sub-Saharan Africa,Nigeria,73,64,68,66,67,63,47
ACT,Australian Capital Territory,Southern and Eastern Europe,North Macedonia,7,8,8,6,8,10,10
ACT,Australian Capital Territory,North-West Europe,Norway,5,8,5,5,8,4,4
ACT,Australian Capital Territory,North Africa and the Middle East,Oman,37,29,20,6,1,0,0
ACT,Australian Capital Territory,Unknown,Other,2,1,0,1,1,3,1
ACT,Australian Capital Territory,Southern and Central Asia,Pakistan,275,331,398,422,491,513,514
ACT,Australian Capital Territory,Oceania and Antarctica,Papua New Guinea,22,25,33,29,31,31,25
ACT,Australian Capital Territory,Americas,Paraguay,0,0,4,2,3,0,1
ACT,Australian Capital Territory,Americas,Peru,26,20,17,23,45,41,32
ACT,Australian Capital Territory,South-East Asia,Philippines,241,304,267,309,507,681,654
ACT,Australian Capital Territory,Southern and Eastern Europe,Poland,8,8,6,6,7,13,11
ACT,Australian Capital Territory,Southern and Eastern Europe,Portugal,10,6,2,4,8,6,7
ACT,Australian Capital Territory,North Africa and the Middle East,Qatar,2,3,2,2,1,0,0
ACT,Australian Capital Territory,Southern and Eastern Europe,Romania,1,2,0,2,5,1,4
ACT,Australian Capital Territory,Southern and Eastern Europe,Russian Federation,33,23,19,23,27,24,22
ACT,Australian Capital Territory,Sub-Saharan Africa,Rwanda,0,1,1,1,0,0,1
ACT,Australian Capital Territory,Oceania and Antarctica,Samoa,0,0,1,1,2,1,1
ACT,Australian Capital Territory,North Africa and the Middle East,Saudi Arabia,151,142,128,135,120,77,79
ACT,Australian Capital Territory,Southern and Eastern Europe,Serbia,4,6,6,3,2,2,2
ACT,Australian Capital Territory,Sub-Saharan Africa,Sierra Leone,0,0,0,0,1,1,1
ACT,Australian Capital Territory,South-East Asia,Singapore,223,167,143,122,130,117,106
ACT,Australian Capital Territory,Southern and Eastern Europe,Slovakia,0,0,0,0,3,5,2
ACT,Australian Capital Territory,Southern and Eastern Europe,Slovenia,1,1,1,2,2,1,1
ACT,Australian Capital Territory,Oceania and Antarctica,Solomon Islands,8,3,3,3,5,5,7
ACT,Australian Capital Territory,Sub-Saharan Africa,South Africa,7,7,4,7,9,19,17
ACT,Australian Capital Territory,North Africa and the Middle East,South Sudan,0,0,0,0,0,1,1
ACT,Australian Capital Territory,Southern and Eastern Europe,Spain,26,9,5,15,23,24,26
ACT,Australian Capital Territory,Southern and Central Asia,Sri Lanka,182,141,128,148,175,184,193
ACT,Australian Capital Territory,North Africa and the Middle East,Sudan,3,2,3,4,4,4,5
ACT,Australian Capital Territory,Americas,Suriname,1,1,0,0,0,0,0
ACT,Australian Capital Territory,North-West Europe,Sweden,17,7,0,12,16,15,22
ACT,Australian Capital Territory,North-West Europe,Switzerland,12,9,1,2,7,10,13
ACT,Australian Capital Territory,North Africa and the Middle East,Syria,0,0,0,0,0,3,2
ACT,Australian Capital Territory,North-East Asia,Taiwan,179,161,143,155,154,209,206
ACT,Australian Capital Territory,South-East Asia,Thailand,136,121,89,91,138,157,135
ACT,Australian Capital Territory,South-East Asia,Timor-Leste,3,1,1,3,3,6,4
ACT,Australian Capital Territory,Oceania and Antarctica,Tonga,6,6,8,5,4,5,4
ACT,Australian Capital Territory,North Africa and the Middle East,Tunisia,0,0,0,0,1,1,0
ACT,Australian Capital Territory,North Africa and the Middle East,Turkiye,12,11,12,11,9,8,9
ACT,Australian Capital Territory,Sub-Saharan Africa,Uganda,4,5,5,9,8,11,11
ACT,Australian Capital Territory,Southern and Eastern Europe,Ukraine,6,4,3,1,0,1,1
ACT,Australian Capital Territory,North Africa and the Middle East,United Arab Emirates,5,4,2,0,1,17,25
ACT,Australian Capital Territory,North-West Europe,United Kingdom,118,98,42,74,145,157,137
ACT,Australian Capital Territory,Americas,United States of America,130,99,66,87,91,92,92
ACT,Australian Capital Territory,Americas,Uruguay,2,1,0,0,0,1,2
ACT,Australian Capital Territory,Southern and Central Asia,Uzbekistan,5,5,6,4,6,5,4
ACT,Australian Capital Territory,Oceania and Antarctica,Vanuatu,2,2,1,0,1,2,2
ACT,Australian Capital Territory,Americas,Venezuela,16,8,3,4,4,3,2
ACT,Australian Capital Territory,South-East Asia,Vietnam,421,441,430,417,526,627,599
ACT,Australian Capital Territory,North Africa and the Middle East,Yemen,5,4,2,3,4,5,6
ACT,Australian Capital Territory,Sub-Saharan Africa,Zambia,3,4,3,2,3,2,4
ACT,Australian Capital Territory,Sub-Saharan Africa,Zimbabwe,18,15,16,17,28,32,31
NSW,New South Wales,Southern and Central Asia,Afghanistan,10,10,8,12,16,15,15
NSW,New South Wales,Southern and Eastern Europe,Albania,9,15,11,11,10,12,9
NSW,New South Wales,North Africa and the Middle East,Algeria,17,16,11,15,17,17,26
NSW,New South Wales,Southern and Eastern Europe,Andorra,11,3,1,0,2,3,1
NSW,New South Wales,Sub-Saharan Africa,Angola,0,0,1,0,0,0,0
NSW,New South Wales,Americas,Antigua and Barbuda,1,2,1,2,2,1,0
NSW,New South Wales,Americas,Argentina,905,1063,957,1178,1931,2084,1678
NSW,New South Wales,Southern and Central Asia,Armenia,9,10,11,11,17,19,14
NSW,New South Wales,North-West Europe,Austria,158,103,50,91,100,92,103
NSW,New South Wales,Southern and Central Asia,Azerbaijan,29,21,13,12,32,35,28
NSW,New South Wales,Americas,Bahamas,4,4,3,5,4,4,4
NSW,New South Wales,North Africa and the Middle East,Bahrain,17,19,9,10,8,6,1
NSW,New South Wales,Southern and Central Asia,Bangladesh,4462,4318,3678,4094,6761,11052,15762
NSW,New South Wales,Americas,Barbados,6,4,1,0,1,1,1
NSW,New South Wales,Southern and Eastern Europe,Belarus,14,19,14,19,31,23,12
NSW,New South Wales,North-West Europe,Belgium,256,225,149,167,226,190,178
NSW,New South Wales,Americas,Belize,4,3,1,0,3,3,3
NSW,New South Wales,Sub-Saharan Africa,Benin,1,0,0,1,1,0,0
NSW,New South Wales,Americas,Bermuda,1,1,0,1,1,0,0
NSW,New South Wales,Southern and Central Asia,Bhutan,125,118,98,111,219,217,239
NSW,New South Wales,Americas,Bolivia,33,36,30,41,75,84,84
NSW,New South Wales,Southern and Eastern Europe,Bosnia and Herzegovina,17,16,21,15,20,22,15
NSW,New South Wales,Sub-Saharan Africa,Botswana,38,40,38,32,45,52,51
NSW,New South Wales,Americas,Brazil,20135,16152,10479,11334,15103,15408,13028
NSW,New South Wales,South-East Asia,Brunei Darussalam,54,70,70,64,64,40,54
NSW,New South Wales,Southern and Eastern Europe,Bulgaria,116,80,56,40,45,39,31
NSW,New South Wales,Sub-Saharan Africa,Burkina Faso,0,3,1,0,0,0,1
NSW,New South Wales,Sub-Saharan Africa,Burundi,2,2,2,2,2,2,2
NSW,New South Wales,South-East Asia,Cambodia,893,869,762,801,884,1006,998
NSW,New South Wales,Sub-Saharan Africa,Cameroon,14,11,8,12,12,5,2
NSW,New South Wales,Americas,Canada,1652,1608,1101,1010,1099,1079,995
NSW,New South Wales,Sub-Saharan Africa,Chad,0,1,1,1,0,1,2
NSW,New South Wales,Americas,Chile,2928,2544,1856,2087,2936,2819,2345
NSW,New South Wales,North-East Asia,China,100609,92712,83827,78786,85990,104249,106094
NSW,New South Wales,Americas,Colombia,10588,10814,7761,9044,16867,17285,12281
NSW,New South Wales,Sub-Saharan Africa,Comoros,1,0,0,0,0,0,0
NSW,New South Wales,Sub-Saharan Africa,"Congo, Democratic Republic of",4,3,3,4,5,3,3
NSW,New South Wales,Sub-Saharan Africa,"Congo, Republic of",2,1,1,1,1,0,0
NSW,New South Wales,Oceania and Antarctica,Cook Islands,0,0,0,1,2,3,1
NSW,New South Wales,Americas,Costa Rica,27,12,12,13,24,32,29
NSW,New South Wales,Sub-Saharan Africa,Cote d'Ivoire,2,0,2,3,3,2,1
NSW,New South Wales,Southern and Eastern Europe,Croatia,48,49,33,25,22,22,13
NSW,New South Wales,Americas,Cuba,1,2,1,2,7,5,4
NSW,New South Wales,Southern and Eastern Europe,Cyprus,22,18,8,9,16,17,10
NSW,New South Wales,Southern and Eastern Europe,Czech Republic,1100,751,431,359,343,263,239
NSW,New South Wales,North-West Europe,Denmark,346,155,73,182,253,283,268
NSW,New South Wales,Sub-Saharan Africa,Djibouti,1,0,0,0,0,0,1
NSW,New South Wales,Americas,Dominica,1,3,1,2,5,3,5
NSW,New South Wales,Americas,Dominican Republic,3,3,5,8,14,11,14
NSW,New South Wales,Americas,Ecuador,240,214,148,237,827,1220,1032
NSW,New South Wales,North Africa and the Middle East,Egypt,170,167,145,225,483,556,480
NSW,New South Wales,Americas,El Salvador,22,19,11,8,24,21,16
NSW,New South Wales,Sub-Saharan Africa,Equatorial Guinea,2,3,3,3,2,2,2
NSW,New South Wales,Sub-Saharan Africa,Eritrea,2,2,0,2,4,2,4
NSW,New South Wales,Southern and Eastern Europe,Estonia,178,153,114,85,70,71,49
NSW,New South Wales,Sub-Saharan Africa,Ethiopia,78,77,60,64,75,102,129
NSW,New South Wales,Oceania and Antarctica,Fiji,387,472,400,892,2708,3882,3355
NSW,New South Wales,North-West Europe,Finland,186,174,109,97,82,90,84
NSW,New South Wales,North-West Europe,France,2652,2013,1492,1492,1627,1729,1706
NSW,New South Wales,Oceania and Antarctica,French Polynesia,0,1,2,1,0,0,0
NSW,New South Wales,Sub-Saharan Africa,Gabon,1,0,0,0,0,0,0
NSW,New South Wales,Sub-Saharan Africa,Gambia,0,0,0,0,1,1,2
NSW,New South Wales,North Africa and the Middle East,Gaza Strip and West Bank,14,15,12,7,13,17,14
NSW,New South Wales,Southern and Central Asia,Georgia,6,6,3,4,4,5,6
NSW,New South Wales,North-West Europe,Germany,1911,1376,832,1405,1490,1532,1498
NSW,New South Wales,Sub-Saharan Africa,Ghana,234,206,168,166,174,181,176
NSW,New South Wales,Southern and Eastern Europe,Greece,257,187,124,102,118,107,70
NSW,New South Wales,Americas,Grenada,0,0,0,0,1,1,1
NSW,New South Wales,Americas,Guatemala,29,30,20,24,59,87,69
NSW,New South Wales,Sub-Saharan Africa,Guinea,2,2,3,2,1,1,0
NSW,New South Wales,Sub-Saharan Africa,Guinea-Bissau,0,0,0,0,1,1,1
NSW,New South Wales,Americas,Guyana,0,0,0,0,1,2,2
NSW,New South Wales,Americas,Haiti,0,0,0,3,5,4,1
NSW,New South Wales,Americas,Honduras,8,11,10,11,16,13,10
NSW,New South Wales,North-East Asia,Hong Kong SAR,4535,4467,4134,4214,4502,4511,4118
NSW,New South Wales,Southern and Eastern Europe,Hungary,149,96,68,58,70,68,58
NSW,New South Wales,North-West Europe,Iceland,16,11,6,8,11,9,7
NSW,New South Wales,Southern and Central Asia,India,35384,35213,30214,32233,41965,43058,44632
NSW,New South Wales,South-East Asia,Indonesia,11925,12073,10360,10696,13865,16320,16361
NSW,New South Wales,North Africa and the Middle East,Iran,886,784,648,716,952,1158,1190
NSW,New South Wales,North Africa and the Middle East,Iraq,61,34,27,31,33,30,25
NSW,New South Wales,North-West Europe,Ireland,712,785,685,539,388,494,490
NSW,New South Wales,North Africa and the Middle East,Israel,106,94,96,76,74,72,76
NSW,New South Wales,Southern and Eastern Europe,Italy,3563,2985,2356,1918,1584,1623,1515
NSW,New South Wales,Americas,Jamaica,12,7,5,8,9,7,4
NSW,New South Wales,North-East Asia,Japan,4683,3640,2418,2768,3682,3919,3660
NSW,New South Wales,North Africa and the Middle East,Jordan,370,330,267,242,309,329,316
NSW,New South Wales,Southern and Central Asia,Kazakhstan,80,67,50,54,88,122,107
NSW,New South Wales,Sub-Saharan Africa,Kenya,1173,1053,880,1103,2088,2864,2972
NSW,New South Wales,Oceania and Antarctica,Kiribati,0,0,2,3,4,3,5
NSW,New South Wales,North-East Asia,"Korea, Democratic People's Republic of (North)",0,2,1,0,4,4,3
NSW,New South Wales,North-East Asia,"Korea, Republic of (South)",13701,11577,9003,8101,8143,8491,8025
NSW,New South Wales,Southern and Eastern Europe,Kosovo,5,2,1,2,2,2,1
NSW,New South Wales,North Africa and the Middle East,Kuwait,121,104,91,108,117,148,164
NSW,New South Wales,Southern and Central Asia,Kyrgyzstan,9,10,8,18,38,40,36
NSW,New South Wales,South-East Asia,Laos,500,522,373,548,936,1118,1007
NSW,New South Wales,Southern and Eastern Europe,Latvia,27,22,25,22,27,20,20
NSW,New South Wales,North Africa and the Middle East,Lebanon,668,590,435,397,445,416,298
NSW,New South Wales,Sub-Saharan Africa,Lesotho,3,4,1,0,0,2,2
NSW,New South Wales,Sub-Saharan Africa,Liberia,1,2,1,2,5,4,4
NSW,New South Wales,North Africa and the Middle East,Libya,6,2,0,1,1,0,1
NSW,New South Wales,North-West Europe,Liechtenstein,0,0,0,1,1,1,3
NSW,New South Wales,Southern and Eastern Europe,Lithuania,511,407,230,259,318,256,210
NSW,New South Wales,North-West Europe,Luxembourg,13,6,3,9,8,9,12
NSW,New South Wales,North-East Asia,Macau,294,284,243,213,209,208,213
NSW,New South Wales,Sub-Saharan Africa,Madagascar,1,1,1,1,0,1,5
NSW,New South Wales,Sub-Saharan Africa,Malawi,13,13,9,11,8,10,11
NSW,New South Wales,South-East Asia,Malaysia,7840,6898,5384,5026,5318,5304,4653
NSW,New South Wales,Southern and Central Asia,Maldives,28,26,28,29,33,39,48
NSW,New South Wales,Sub-Saharan Africa,Mali,0,0,0,0,0,0,2
NSW,New South Wales,Southern and Eastern Europe,Malta,10,6,6,9,9,4,4
NSW,New South Wales,Oceania and Antarctica,Marshall Islands,0,0,0,0,1,1,2
NSW,New South Wales,Sub-Saharan Africa,Mauritania,1,2,1,0,0,0,0
NSW,New South Wales,Sub-Saharan Africa,Mauritius,294,270,211,191,225,227,195
NSW,New South Wales,Americas,Mexico,1573,1239,659,919,1508,1657,1836
NSW,New South Wales,Oceania and Antarctica,"Micronesia, Federated States of",0,0,0,1,1,1,1
NSW,New South Wales,Southern and Eastern Europe,Moldova,2,2,1,3,5,7,3
NSW,New South Wales,North-West Europe,Monaco,0,1,0,1,2,0,0
NSW,New South Wales,North-East Asia,Mongolia,4894,3962,2859,2989,6304,8341,6513
NSW,New South Wales,Southern and Eastern Europe,Montenegro,8,6,6,5,2,0,0
NSW,New South Wales,North Africa and the Middle East,Morocco,34,45,35,31,38,34,40
NSW,New South Wales,Sub-Saharan Africa,Mozambique,18,22,21,19,24,24,19
NSW,New South Wales,South-East Asia,Myanmar,712,773,671,901,782,690,465
NSW,New South Wales,Sub-Saharan Africa,Namibia,3,3,2,2,3,4,5
NSW,New South Wales,Oceania and Antarctica,Nauru,6,6,5,1,5,6,1
NSW,New South Wales,Southern and Central Asia,Nepal,44579,43250,34388,43043,51215,54870,55279
NSW,New South Wales,North-West Europe,Netherlands,591,365,232,356,383,342,302
NSW,New South Wales,Oceania and Antarctica,New Caledonia,0,0,0,1,3,1,0
NSW,New South Wales,Americas,Nicaragua,2,3,4,4,4,3,2
NSW,New South Wales,Sub-Saharan Africa,Niger,1,2,1,1,1,1,2
NSW,New South Wales,Sub-Saharan Africa,Nigeria,1063,904,778,946,1190,1076,842
NSW,New South Wales,Southern and Eastern Europe,North Macedonia,207,170,128,125,127,127,87
NSW,New South Wales,North-West Europe,Norway,613,386,147,333,438,488,402
NSW,New South Wales,North Africa and the Middle East,Oman,143,165,109,54,36,49,59
NSW,New South Wales,Unknown,Other,30,29,23,19,12,11,7
NSW,New South Wales,Southern and Central Asia,Pakistan,7099,7477,6478,8222,13001,12592,12549
NSW,New South Wales,Americas,Panama,10,10,8,11,18,16,17
NSW,New South Wales,Oceania and Antarctica,Papua New Guinea,103,94,78,87,118,165,171
NSW,New South Wales,Americas,Paraguay,28,27,18,36,81,111,131
NSW,New South Wales,Americas,Peru,1129,1052,826,883,1521,1665,1419
NSW,New South Wales,South-East Asia,Philippines,7905,9150,7498,7954,14887,19153,16420
NSW,New South Wales,Oceania and Antarctica,Pitcairn Islands,0,0,0,0,1,1,0
NSW,New South Wales,Southern and Eastern Europe,Poland,1054,738,516,464,459,413,350
NSW,New South Wales,Southern and Eastern Europe,Portugal,454,347,247,212,231,236,203
NSW,New South Wales,Americas,Puerto Rico,0,0,0,1,0,0,0
NSW,New South Wales,North Africa and the Middle East,Qatar,4,4,2,2,2,4,3
NSW,New South Wales,Southern and Eastern Europe,Romania,62,50,32,31,40,51,47
NSW,New South Wales,Southern and Eastern Europe,Russian Federation,490,435,342,355,600,631,546
NSW,New South Wales,Sub-Saharan Africa,Rwanda,10,9,10,8,15,18,25
NSW,New South Wales,Oceania and Antarctica,Samoa,6,5,6,2,3,6,8
NSW,New South Wales,Oceania and Antarctica,"Samoa, American",1,1,0,0,0,0,0
NSW,New South Wales,Southern and Eastern Europe,San Marino,2,0,0,0,1,3,0
NSW,New South Wales,North Africa and the Middle East,Saudi Arabia,1828,1666,1198,1076,1348,1486,1439
NSW,New South Wales,Sub-Saharan Africa,Senegal,2,1,0,0,0,0,0
NSW,New South Wales,Southern and Eastern Europe,Serbia,73,70,52,38,32,31,25
NSW,New South Wales,Sub-Saharan Africa,Seychelles,8,5,2,1,2,1,1
NSW,New South Wales,Sub-Saharan Africa,Sierra Leone,8,11,15,16,19,12,12
NSW,New South Wales,South-East Asia,Singapore,1603,1504,1276,1328,1541,1674,1777
NSW,New South Wales,Southern and Eastern Europe,Slovakia,677,503,328,297,280,204,152
NSW,New South Wales,Southern and Eastern Europe,Slovenia,33,25,16,12,19,17,13
NSW,New South Wales,Oceania and Antarctica,Solomon Islands,37,33,28,27,26,39,43
NSW,New South Wales,Sub-Saharan Africa,Somalia,0,2,2,1,0,0,0
NSW,New South Wales,Sub-Saharan Africa,South Africa,258,255,242,249,261,285,272
NSW,New South Wales,North Africa and the Middle East,South Sudan,2,1,0,1,3,2,2
NSW,New South Wales,Southern and Eastern Europe,Spain,3301,2347,951,1528,2544,2313,1931
NSW,New South Wales,Southern and Central Asia,Sri Lanka,1305,1286,1143,1173,1536,1852,1970
NSW,New South Wales,Americas,St Kitts and Nevis,1,0,0,0,1,3,3
NSW,New South Wales,Americas,St Lucia,0,0,0,0,1,2,2
NSW,New South Wales,Americas,St Vincent and the Grenadines,0,1,1,1,1,0,0
NSW,New South Wales,North Africa and the Middle East,Sudan,49,48,36,20,15,16,16
NSW,New South Wales,Americas,Suriname,2,3,2,0,0,0,0
NSW,New South Wales,Sub-Saharan Africa,Swaziland,5,5,1,1,2,1,2
NSW,New South Wales,North-West Europe,Sweden,770,524,299,405,375,411,405
NSW,New South Wales,North-West Europe,Switzerland,606,359,122,201,309,315,341
NSW,New South Wales,North Africa and the Middle East,Syria,12,10,14,15,16,21,20
NSW,New South Wales,North-East Asia,Taiwan,5565,4807,3637,3415,3797,4435,4504
NSW,New South Wales,Southern and Central Asia,Tajikistan,0,1,5,4,5,6,5
NSW,New South Wales,Sub-Saharan Africa,Tanzania,39,43,32,32,30,18,13
NSW,New South Wales,South-East Asia,Thailand,14336,12504,9631,12849,17581,16021,13600
NSW,New South Wales,South-East Asia,Timor-Leste,2,2,4,4,12,16,18
NSW,New South Wales,Sub-Saharan Africa,Togo,1,0,0,0,0,0,0
NSW,New South Wales,Oceania and Antarctica,Tonga,31,33,23,32,46,71,74
NSW,New South Wales,Americas,Trinidad and Tobago,9,8,7,7,5,7,7
NSW,New South Wales,North Africa and the Middle East,Tunisia,3,4,3,5,9,4,15
NSW,New South Wales,North Africa and the Middle East,Turkiye,1343,1304,913,1413,2703,2826,2365
NSW,New South Wales,Oceania and Antarctica,Tuvalu,3,5,6,8,8,5,3
NSW,New South Wales,Sub-Saharan Africa,Uganda,67,65,53,59,75,72,96
NSW,New South Wales,Southern and Eastern Europe,Ukraine,126,101,83,88,94,80,64
NSW,New South Wales,North Africa and the Middle East,United Arab Emirates,91,75,67,68,104,271,426
NSW,New South Wales,North-West Europe,United Kingdom,3376,3046,2488,2187,1952,1846,1531
NSW,New South Wales,Unknown,United Kingdom (Other),0,1,0,2,2,3,1
NSW,New South Wales,Americas,United States (Territories),0,0,1,1,0,0,0
NSW,New South Wales,Americas,United States of America,5965,4263,1523,1734,2860,3433,3955
NSW,New South Wales,Americas,Uruguay,86,110,73,82,109,98,79
NSW,New South Wales,Southern and Central Asia,Uzbekistan,136,115,90,65,124,197,262
NSW,New South Wales,Oceania and Antarctica,Vanuatu,12,13,9,7,13,29,19
NSW,New South Wales,Americas,Venezuela,289,175,90,56,80,89,65
NSW,New South Wales,South-East Asia,Vietnam,10857,10057,8316,9049,14072,17039,15624
NSW,New South Wales,North Africa and the Middle East,Yemen,23,15,8,10,13,17,14
NSW,New South Wales,Sub-Saharan Africa,Zambia,32,33,29,27,26,31,29
NSW,New South Wales,Sub-Saharan Africa,Zimbabwe,257,236,217,235,314,359,383
NT,Northern Territory,Americas,Argentina,1,4,5,6,15,9,10
NT,Northern Territory,North-West Europe,Austria,1,1,2,1,1,1,1
NT,Northern Territory,Southern and Central Asia,Bangladesh,180,230,228,244,454,583,682
NT,Northern Territory,North-West Europe,Belgium,3,2,1,0,0,1,3
NT,Northern Territory,Southern and Central Asia,Bhutan,1,2,4,5,19,25,39
NT,Northern Territory,Southern and Eastern Europe,Bosnia and Herzegovina,1,1,1,0,0,0,0
NT,Northern Territory,Sub-Saharan Africa,Botswana,0,1,1,1,2,2,2
NT,Northern Territory,Americas,Brazil,68,71,45,34,36,36,34
NT,Northern Territory,South-East Asia,Cambodia,14,14,7,10,14,17,19
NT,Northern Territory,Americas,Canada,4,3,3,4,4,2,4
NT,Northern Territory,Americas,Chile,12,12,10,9,7,8,12
NT,Northern Territory,North-East Asia,China,374,464,428,382,398,372,316
NT,Northern Territory,Americas,Colombia,64,73,62,63,103,92,69
NT,Northern Territory,Americas,Costa Rica,0,0,0,2,3,2,2
NT,Northern Territory,Southern and Eastern Europe,Cyprus,1,1,0,0,0,0,0
NT,Northern Territory,Southern and Eastern Europe,Czech Republic,6,10,6,4,2,1,2
NT,Northern Territory,North-West Europe,Denmark,0,1,0,0,0,0,0
NT,Northern Territory,Americas,Ecuador,1,3,4,4,6,5,5
NT,Northern Territory,North Africa and the Middle East,Egypt,1,2,1,0,1,1,1
NT,Northern Territory,Americas,El Salvador,0,1,1,1,0,0,0
NT,Northern Territory,Southern and Eastern Europe,Estonia,4,2,2,1,0,1,1
NT,Northern Territory,Sub-Saharan Africa,Ethiopia,0,0,0,1,4,11,11
NT,Northern Territory,Oceania and Antarctica,Fiji,7,8,5,6,17,25,26
NT,Northern Territory,North-West Europe,Finland,2,1,0,1,2,0,1
NT,Northern Territory,North-West Europe,France,40,26,17,9,6,6,8
NT,Northern Territory,North-West Europe,Germany,15,18,12,8,5,11,17
NT,Northern Territory,Sub-Saharan Africa,Ghana,2,4,4,5,6,5,6
NT,Northern Territory,Southern and Eastern Europe,Greece,2,2,1,0,2,1,2
NT,Northern Territory,Americas,Guatemala,1,0,0,0,0,0,0
NT,Northern Territory,Americas,Honduras,1,1,0,0,0,0,0
NT,Northern Territory,North-East Asia,Hong Kong SAR,39,54,49,31,30,18,15
NT,Northern Territory,Southern and Eastern Europe,Hungary,3,4,4,2,3,0,0
NT,Northern Territory,Southern and Central Asia,India,534,731,734,699,991,883,1177
NT,Northern Territory,South-East Asia,Indonesia,152,148,141,137,142,146,155
NT,Northern Territory,North Africa and the Middle East,Iran,3,3,2,3,2,6,7
NT,Northern Territory,North-West Europe,Ireland,10,7,4,5,3,3,3
NT,Northern Territory,North Africa and the Middle East,Israel,0,1,2,3,2,0,0
NT,Northern Territory,Southern and Eastern Europe,Italy,44,40,22,13,11,16,10
NT,Northern Territory,North-East Asia,Japan,20,19,12,15,9,14,8
NT,Northern Territory,Southern and Central Asia,Kazakhstan,0,0,0,0,0,1,2
NT,Northern Territory,Sub-Saharan Africa,Kenya,24,23,21,30,51,68,75
NT,Northern Territory,North-East Asia,"Korea, Republic of (South)",51,50,33,16,6,2,2
NT,Northern Territory,South-East Asia,Laos,2,1,1,2,2,1,3
NT,Northern Territory,Southern and Eastern Europe,Latvia,0,0,0,0,0,0,1
NT,Northern Territory,North Africa and the Middle East,Lebanon,8,6,4,0,4,4,4
NT,Northern Territory,Southern and Eastern Europe,Lithuania,3,5,2,2,0,0,0
NT,Northern Territory,North-East Asia,Macau,1,0,0,0,0,0,0
NT,Northern Territory,South-East Asia,Malaysia,44,35,37,25,22,16,13
NT,Northern Territory,Southern and Eastern Europe,Malta,0,0,0,0,0,0,1
NT,Northern Territory,Sub-Saharan Africa,Mauritius,18,22,13,11,8,7,4
NT,Northern Territory,Americas,Mexico,7,8,5,3,5,6,6
NT,Northern Territory,North-East Asia,Mongolia,9,3,3,1,1,1,2
NT,Northern Territory,North Africa and the Middle East,Morocco,0,0,0,0,1,1,0
NT,Northern Territory,South-East Asia,Myanmar,7,8,5,5,5,7,3
NT,Northern Territory,Oceania and Antarctica,Nauru,0,1,1,1,0,0,0
NT,Northern Territory,Southern and Central Asia,Nepal,742,1237,1280,1250,1493,1461,1557
NT,Northern Territory,North-West Europe,Netherlands,8,5,2,1,0,0,0
NT,Northern Territory,Sub-Saharan Africa,Niger,0,0,0,1,0,0,0
NT,Northern Territory,Sub-Saharan Africa,Nigeria,46,46,37,34,42,52,38
NT,Northern Territory,North-West Europe,Norway,2,1,0,0,0,0,0
NT,Northern Territory,Southern and Central Asia,Pakistan,126,205,234,208,310,277,284
NT,Northern Territory,Oceania and Antarctica,Papua New Guinea,6,11,9,5,4,6,7
NT,Northern Territory,Americas,Paraguay,0,0,0,0,1,0,0
NT,Northern Territory,Americas,Peru,3,9,10,10,13,17,17
NT,Northern Territory,South-East Asia,Philippines,288,308,204,228,518,651,553
NT,Northern Territory,Southern and Eastern Europe,Poland,8,6,3,3,4,6,2
NT,Northern Territory,Southern and Eastern Europe,Portugal,0,1,0,0,1,2,3
NT,Northern Territory,Southern and Eastern Europe,Romania,0,0,0,0,0,0,1
NT,Northern Territory,Southern and Eastern Europe,Russian Federation,2,4,2,0,0,0,2
NT,Northern Territory,North Africa and the Middle East,Saudi Arabia,1,0,0,0,0,0,0
NT,Northern Territory,South-East Asia,Singapore,2,5,6,4,4,4,3
NT,Northern Territory,Southern and Eastern Europe,Slovakia,3,3,1,2,3,3,2
NT,Northern Territory,Oceania and Antarctica,Solomon Islands,5,5,3,4,2,1,1
NT,Northern Territory,Sub-Saharan Africa,South Africa,8,7,6,8,12,15,10
NT,Northern Territory,Southern and Eastern Europe,Spain,12,8,8,7,9,7,6
NT,Northern Territory,Southern and Central Asia,Sri Lanka,78,144,157,148,153,148,133
NT,Northern Territory,Americas,St Kitts and Nevis,0,0,0,0,0,1,1
NT,Northern Territory,North Africa and the Middle East,Sudan,0,2,4,2,0,0,0
NT,Northern Territory,North-West Europe,Sweden,7,0,0,0,1,6,4
NT,Northern Territory,North-West Europe,Switzerland,2,2,1,1,1,1,0
NT,Northern Territory,North-East Asia,Taiwan,170,132,88,59,56,49,31
NT,Northern Territory,Sub-Saharan Africa,Tanzania,2,1,2,1,4,3,2
NT,Northern Territory,South-East Asia,Thailand,55,60,44,47,66,60,48
NT,Northern Territory,South-East Asia,Timor-Leste,14,15,6,6,13,19,19
NT,Northern Territory,Oceania and Antarctica,Tonga,1,0,0,0,2,3,3
NT,Northern Territory,North Africa and the Middle East,Turkiye,3,3,3,10,8,3,3
NT,Northern Territory,Sub-Saharan Africa,Uganda,2,2,1,3,2,3,3
NT,Northern Territory,Southern and Eastern Europe,Ukraine,1,1,0,0,0,0,0
NT,Northern Territory,North-West Europe,United Kingdom,36,36,23,15,11,17,28
NT,Northern Territory,Americas,United States of America,13,12,6,8,10,12,12
NT,Northern Territory,Americas,Uruguay,0,0,0,0,1,2,2
NT,Northern Territory,Southern and Central Asia,Uzbekistan,0,0,1,1,1,1,1
NT,Northern Territory,Oceania and Antarctica,Vanuatu,1,1,0,0,0,0,0
NT,Northern Territory,South-East Asia,Vietnam,194,279,291,295,388,433,402
NT,Northern Territory,Sub-Saharan Africa,Zambia,7,6,7,5,5,2,1
NT,Northern Territory,Sub-Saharan Africa,Zimbabwe,25,22,18,21,25,24,24
QLD,Queensland,Southern and Central Asia,Afghanistan,4,3,3,5,2,4,6
QLD,Queensland,Southern and Eastern Europe,Albania,6,8,9,7,4,3,5
QLD,Queensland,North Africa and the Middle East,Algeria,6,4,2,2,4,4,4
QLD,Queensland,Southern and Eastern Europe,Andorra,4,5,0,6,12,3,1
QLD,Queensland,Sub-Saharan Africa,Angola,1,1,1,1,1,0,1
QLD,Queensland,Americas,Argentina,357,386,358,697,1280,1331,1232
QLD,Queensland,Southern and Central Asia,Armenia,0,0,0,0,1,2,2
QLD,Queensland,North-West Europe,Austria,143,77,34,70,110,91,79
QLD,Queensland,Southern and Central Asia,Azerbaijan,3,3,0,9,19,10,12
QLD,Queensland,Americas,Bahamas,0,1,0,0,1,1,2
QLD,Queensland,North Africa and the Middle East,Bahrain,14,8,6,5,7,7,8
QLD,Queensland,Southern and Central Asia,Bangladesh,435,418,365,437,770,975,1635
QLD,Queensland,Americas,Barbados,2,2,1,0,0,0,0
QLD,Queensland,Southern and Eastern Europe,Belarus,5,5,3,5,12,7,9
QLD,Queensland,North-West Europe,Belgium,147,125,82,133,178,180,162
QLD,Queensland,Americas,Belize,1,4,2,1,0,0,0
QLD,Queensland,Southern and Central Asia,Bhutan,597,681,562,724,1861,2279,1986
QLD,Queensland,Americas,Bolivia,25,27,14,17,32,45,38
QLD,Queensland,Southern and Eastern Europe,Bosnia and Herzegovina,10,8,7,3,1,5,1
QLD,Queensland,Sub-Saharan Africa,Botswana,28,31,31,23,26,30,33
QLD,Queensland,Americas,Brazil,12530,10176,6599,8193,12149,12139,10772
QLD,Queensland,Sub-Saharan Africa,British Indian Ocean Territory,0,0,0,0,0,0,1
QLD,Queensland,South-East Asia,Brunei Darussalam,52,45,45,38,38,36,37
QLD,Queensland,Southern and Eastern Europe,Bulgaria,28,30,12,7,10,11,13
QLD,Queensland,Sub-Saharan Africa,Burkina Faso,0,1,1,1,1,0,0
QLD,Queensland,Sub-Saharan Africa,Burundi,2,5,7,9,7,9,8
QLD,Queensland,South-East Asia,Cambodia,109,120,113,116,135,134,149
QLD,Queensland,Sub-Saharan Africa,Cameroon,6,6,5,5,11,12,11
QLD,Queensland,Americas,Canada,1639,1581,1408,1440,1534,1578,1583
QLD,Queensland,Sub-Saharan Africa,Chad,0,0,0,1,1,0,0
QLD,Queensland,Americas,Chile,1375,1114,771,1412,2355,2251,2000
QLD,Queensland,North-East Asia,China,32439,28718,25046,21781,22400,23985,24937
QLD,Queensland,Americas,Colombia,7418,7597,5283,6692,12529,11850,8648
QLD,Queensland,Sub-Saharan Africa,Comoros,1,1,0,1,2,2,0
QLD,Queensland,Sub-Saharan Africa,"Congo, Democratic Republic of",6,7,5,4,4,4,4
QLD,Queensland,Sub-Saharan Africa,"Congo, Republic of",0,0,1,1,1,1,0
QLD,Queensland,Americas,Costa Rica,19,18,14,21,25,21,18
QLD,Queensland,Sub-Saharan Africa,Cote d'Ivoire,3,3,2,1,0,0,1
QLD,Queensland,Southern and Eastern Europe,Croatia,20,14,11,9,7,1,1
QLD,Queensland,Americas,Cuba,0,2,0,2,3,4,1
QLD,Queensland,Southern and Eastern Europe,Cyprus,12,10,6,4,6,4,4
QLD,Queensland,Southern and Eastern Europe,Czech Republic,364,226,140,156,178,149,147
QLD,Queensland,North-West Europe,Denmark,245,118,27,146,254,214,173
QLD,Queensland,Americas,Dominica,0,0,0,1,2,3,2
QLD,Queensland,Americas,Dominican Republic,2,1,0,3,11,12,9
QLD,Queensland,Americas,Ecuador,241,224,144,305,1107,1765,1647
QLD,Queensland,North Africa and the Middle East,Egypt,53,59,45,51,67,74,70
QLD,Queensland,Americas,El Salvador,34,33,26,29,48,54,31
QLD,Queensland,Sub-Saharan Africa,Eritrea,1,1,0,0,1,1,2
QLD,Queensland,Southern and Eastern Europe,Estonia,119,106,82,61,43,63,66
QLD,Queensland,Sub-Saharan Africa,Ethiopia,27,27,21,26,47,49,65
QLD,Queensland,Oceania and Antarctica,Fiji,159,194,179,391,1154,1550,1225
QLD,Queensland,North-West Europe,Finland,126,87,70,73,74,76,54
QLD,Queensland,North-West Europe,France,1183,961,655,755,867,958,1022
QLD,Queensland,Oceania and Antarctica,French Polynesia,0,2,1,0,0,0,0
QLD,Queensland,North Africa and the Middle East,Gaza Strip and West Bank,3,4,3,3,3,5,5
QLD,Queensland,Southern and Central Asia,Georgia,0,0,0,1,0,3,6
QLD,Queensland,North-West Europe,Germany,1588,1012,463,1113,1491,1619,1564
QLD,Queensland,Sub-Saharan Africa,Ghana,88,73,61,57,72,68,69
QLD,Queensland,Southern and Eastern Europe,Greece,31,18,9,11,19,19,17
QLD,Queensland,Americas,Grenada,0,1,1,1,1,0,1
QLD,Queensland,Americas,Guatemala,23,25,12,42,62,52,42
QLD,Queensland,Sub-Saharan Africa,Guinea,7,3,3,1,0,1,1
QLD,Queensland,Americas,Guyana,0,1,2,2,1,1,1
QLD,Queensland,Americas,Haiti,0,1,1,0,0,0,0
QLD,Queensland,Americas,Honduras,4,11,9,9,17,17,10
QLD,Queensland,North-East Asia,Hong Kong SAR,3128,2915,2802,2942,3169,2973,2484
QLD,Queensland,Southern and Eastern Europe,Hungary,173,122,72,72,86,74,64
QLD,Queensland,North-West Europe,Iceland,19,7,2,3,10,11,10
QLD,Queensland,Southern and Central Asia,India,17619,17301,14508,13933,19438,21020,22199
QLD,Queensland,South-East Asia,Indonesia,1180,1099,1056,1156,1529,1804,1982
QLD,Queensland,North Africa and the Middle East,Iran,380,307,255,312,417,481,561
QLD,Queensland,North Africa and the Middle East,Iraq,41,14,14,17,14,13,18
QLD,Queensland,North-West Europe,Ireland,139,115,87,67,87,125,120
QLD,Queensland,North Africa and the Middle East,Israel,34,26,27,27,26,45,70
QLD,Queensland,Southern and Eastern Europe,Italy,1558,1165,967,935,1061,1083,1032
QLD,Queensland,Americas,Jamaica,7,8,5,4,3,3,5
QLD,Queensland,North-East Asia,Japan,5205,4025,2477,3446,4854,5157,4647
QLD,Queensland,North Africa and the Middle East,Jordan,119,89,59,48,61,65,51
QLD,Queensland,Southern and Central Asia,Kazakhstan,48,47,38,43,29,26,21
QLD,Queensland,Sub-Saharan Africa,Kenya,220,239,232,570,2034,1975,1603
QLD,Queensland,Oceania and Antarctica,Kiribati,7,2,5,10,18,16,13
QLD,Queensland,North-East Asia,"Korea, Republic of (South)",6991,5916,4416,3823,3948,4340,4446
QLD,Queensland,Southern and Eastern Europe,Kosovo,1,1,0,2,8,9,6
QLD,Queensland,North Africa and the Middle East,Kuwait,124,72,46,41,44,43,48
QLD,Queensland,Southern and Central Asia,Kyrgyzstan,1,2,2,5,4,7,5
QLD,Queensland,South-East Asia,Laos,47,62,36,39,81,106,93
QLD,Queensland,Southern and Eastern Europe,Latvia,36,34,28,23,29,21,21
QLD,Queensland,North Africa and the Middle East,Lebanon,23,21,23,23,21,14,13
QLD,Queensland,Sub-Saharan Africa,Lesotho,0,1,0,0,1,2,2
QLD,Queensland,Sub-Saharan Africa,Liberia,0,0,0,1,1,2,2
QLD,Queensland,North-West Europe,Liechtenstein,1,0,0,3,4,4,1
QLD,Queensland,Southern and Eastern Europe,Lithuania,169,117,61,144,266,314,259
QLD,Queensland,North-West Europe,Luxembourg,17,7,5,4,4,12,15
QLD,Queensland,North-East Asia,Macau,264,213,168,144,124,99,95
QLD,Queensland,Sub-Saharan Africa,Madagascar,3,3,6,5,4,4,3
QLD,Queensland,Sub-Saharan Africa,Malawi,9,6,7,5,10,13,12
QLD,Queensland,South-East Asia,Malaysia,2595,2141,1750,1661,1707,1742,1627
QLD,Queensland,Southern and Central Asia,Maldives,21,20,19,16,21,26,26
QLD,Queensland,Southern and Eastern Europe,Malta,3,6,6,6,7,8,4
QLD,Queensland,Oceania and Antarctica,Marshall Islands,0,0,0,0,0,1,1
QLD,Queensland,Sub-Saharan Africa,Mauritania,2,1,0,0,0,0,0
QLD,Queensland,Sub-Saharan Africa,Mauritius,86,95,78,63,62,75,70
QLD,Queensland,Americas,Mexico,769,736,457,688,1095,1204,1111
QLD,Queensland,Oceania and Antarctica,"Micronesia, Federated States of",0,0,0,0,0,0,1
QLD,Queensland,Southern and Eastern Europe,Moldova,2,2,1,1,1,1,1
QLD,Queensland,North-West Europe,Monaco,1,0,0,0,0,0,0
QLD,Queensland,North-East Asia,Mongolia,286,250,187,253,748,921,743
QLD,Queensland,North Africa and the Middle East,Morocco,5,7,7,7,20,45,42
QLD,Queensland,Sub-Saharan Africa,Mozambique,10,10,8,5,3,5,6
QLD,Queensland,South-East Asia,Myanmar,227,247,215,223,200,134,70
QLD,Queensland,Sub-Saharan Africa,Namibia,5,5,2,6,6,7,9
QLD,Queensland,Oceania and Antarctica,Nauru,31,35,33,72,91,115,126
QLD,Queensland,Southern and Central Asia,Nepal,5633,5984,4774,5163,5081,5229,5716
QLD,Queensland,North-West Europe,Netherlands,230,181,136,170,176,175,167
QLD,Queensland,Oceania and Antarctica,New Caledonia,0,1,0,0,1,0,0
QLD,Queensland,Americas,Nicaragua,3,0,0,2,4,8,6
QLD,Queensland,Sub-Saharan Africa,Nigeria,517,418,337,456,618,550,438
QLD,Queensland,Southern and Eastern Europe,North Macedonia,11,19,18,20,15,18,9
QLD,Queensland,North-West Europe,Norway,1430,718,177,829,1528,1495,1296
QLD,Queensland,North Africa and the Middle East,Oman,158,168,122,34,27,18,16
QLD,Queensland,Unknown,Other,18,14,15,20,20,12,8
QLD,Queensland,Southern and Central Asia,Pakistan,1271,968,778,1152,2213,1829,1844
QLD,Queensland,Oceania and Antarctica,Palau,0,0,0,0,0,1,0
QLD,Queensland,Americas,Panama,11,10,10,11,8,13,16
QLD,Queensland,Oceania and Antarctica,Papua New Guinea,1122,1041,843,898,1200,1544,1613
QLD,Queensland,Americas,Paraguay,21,12,12,24,35,42,29
QLD,Queensland,Americas,Peru,417,397,307,376,766,859,702
QLD,Queensland,South-East Asia,Philippines,4167,4732,3704,4163,8956,11977,9538
QLD,Queensland,Southern and Eastern Europe,Poland,209,149,91,109,132,129,115
QLD,Queensland,Southern and Eastern Europe,Portugal,268,211,161,138,154,169,158
QLD,Queensland,North Africa and the Middle East,Qatar,2,1,2,1,0,0,0
QLD,Queensland,Southern and Eastern Europe,Romania,34,28,23,24,32,33,23
QLD,Queensland,Southern and Eastern Europe,Russian Federation,212,199,163,149,212,221,175
QLD,Queensland,Sub-Saharan Africa,Rwanda,12,10,10,16,25,22,16
QLD,Queensland,Oceania and Antarctica,Samoa,3,2,4,5,9,13,18
QLD,Queensland,Southern and Eastern Europe,San Marino,0,0,0,0,1,1,0
QLD,Queensland,North Africa and the Middle East,Saudi Arabia,1126,835,482,370,428,540,492
QLD,Queensland,Southern and Eastern Europe,Serbia,12,12,7,9,15,24,17
QLD,Queensland,Sub-Saharan Africa,Seychelles,3,1,2,5,7,8,8
QLD,Queensland,Sub-Saharan Africa,Sierra Leone,5,6,4,6,8,5,2
QLD,Queensland,South-East Asia,Singapore,1401,1247,1091,1048,1101,1132,1090
QLD,Queensland,Southern and Eastern Europe,Slovakia,135,102,70,80,89,77,65
QLD,Queensland,Southern and Eastern Europe,Slovenia,54,39,19,10,15,12,14
QLD,Queensland,Oceania and Antarctica,Solomon Islands,105,83,72,67,74,71,100
QLD,Queensland,Sub-Saharan Africa,South Africa,247,280,248,257,340,367,347
QLD,Queensland,Southern and Eastern Europe,Spain,3529,2480,967,1813,3108,2740,2513
QLD,Queensland,Southern and Central Asia,Sri Lanka,1107,1112,991,1057,1412,1594,1773
QLD,Queensland,Americas,St Kitts and Nevis,0,2,3,3,1,1,1
QLD,Queensland,Americas,St Lucia,3,3,2,2,1,1,1
QLD,Queensland,North Africa and the Middle East,Sudan,8,8,12,11,9,6,3
QLD,Queensland,Americas,Suriname,1,1,1,0,0,0,0
QLD,Queensland,Sub-Saharan Africa,Swaziland,1,1,1,0,0,3,3
QLD,Queensland,North-West Europe,Sweden,554,385,195,240,288,289,236
QLD,Queensland,North-West Europe,Switzerland,493,270,77,186,349,352,294
QLD,Queensland,North Africa and the Middle East,Syria,4,4,4,5,6,6,2
QLD,Queensland,North-East Asia,Taiwan,5179,4372,3431,3358,3799,4313,4450
QLD,Queensland,Southern and Central Asia,Tajikistan,2,0,0,0,0,0,0
QLD,Queensland,Sub-Saharan Africa,Tanzania,17,14,9,8,14,14,14
QLD,Queensland,South-East Asia,Thailand,2896,2471,1701,3176,5262,4750,3803
QLD,Queensland,South-East Asia,Timor-Leste,21,20,11,11,10,9,9
QLD,Queensland,Oceania and Antarctica,Tonga,10,13,15,16,15,16,23
QLD,Queensland,Americas,Trinidad and Tobago,4,3,3,3,4,6,7
QLD,Queensland,North Africa and the Middle East,Tunisia,6,7,2,2,3,1,2
QLD,Queensland,North Africa and the Middle East,Turkiye,321,308,219,358,799,945,797
QLD,Queensland,Southern and Central Asia,Turkmenistan,2,1,3,2,7,5,2
QLD,Queensland,Oceania and Antarctica,Tuvalu,2,1,1,3,3,6,2
QLD,Queensland,Sub-Saharan Africa,Uganda,17,18,20,59,138,136,94
QLD,Queensland,Southern and Eastern Europe,Ukraine,40,29,21,14,11,12,11
QLD,Queensland,North Africa and the Middle East,United Arab Emirates,63,58,53,52,55,82,99
QLD,Queensland,North-West Europe,United Kingdom,1348,1206,968,989,985,918,829
QLD,Queensland,Unknown,United Kingdom (Other),0,0,0,0,0,0,1
QLD,Queensland,Americas,United States of America,3300,2426,1123,1403,1864,2029,2016
QLD,Queensland,Americas,Uruguay,43,43,33,94,107,96,87
QLD,Queensland,Southern and Central Asia,Uzbekistan,27,26,19,18,25,69,127
QLD,Queensland,Oceania and Antarctica,Vanuatu,3,2,1,2,9,11,12
QLD,Queensland,Americas,Venezuela,272,154,89,60,96,65,45
QLD,Queensland,South-East Asia,Vietnam,2829,2560,2100,2217,3143,3781,3486
QLD,Queensland,Americas,"Virgin Islands, British",0,0,0,0,1,2,1
QLD,Queensland,North Africa and the Middle East,Yemen,7,2,0,2,5,6,7
QLD,Queensland,Sub-Saharan Africa,Zambia,20,14,14,14,12,17,14
QLD,Queensland,Sub-Saharan Africa,Zimbabwe,246,239,210,268,322,419,416
SA,South Australia,Southern and Central Asia,Afghanistan,0,1,1,2,3,3,3
SA,South Australia,Southern and Eastern Europe,Albania,15,16,12,8,12,10,8
SA,South Australia,North Africa and the Middle East,Algeria,2,0,0,0,0,0,0
SA,South Australia,Southern and Eastern Europe,Andorra,0,0,0,0,0,3,1
SA,South Australia,Sub-Saharan Africa,Angola,1,1,1,0,0,0,0
SA,South Australia,Americas,Argentina,41,54,63,100,199,251,190
SA,South Australia,Southern and Central Asia,Armenia,0,0,2,1,4,3,4
SA,South Australia,North-West Europe,Austria,18,11,4,11,16,16,11
SA,South Australia,Southern and Central Asia,Azerbaijan,1,1,1,1,2,0,0
SA,South Australia,Americas,Bahamas,1,1,3,3,1,1,0
SA,South Australia,North Africa and the Middle East,Bahrain,2,0,0,0,0,0,0
SA,South Australia,Southern and Central Asia,Bangladesh,219,280,321,456,736,1149,1869
SA,South Australia,Southern and Eastern Europe,Belarus,1,0,0,0,2,0,0
SA,South Australia,North-West Europe,Belgium,29,19,13,21,27,27,25
SA,South Australia,Americas,Belize,0,0,0,1,2,2,0
SA,South Australia,Southern and Central Asia,Bhutan,94,89,82,62,103,126,155
SA,South Australia,Americas,Bolivia,11,10,10,7,8,10,6
SA,South Australia,Southern and Eastern Europe,Bosnia and Herzegovina,0,0,0,0,0,2,1
SA,South Australia,Sub-Saharan Africa,Botswana,3,3,2,1,3,4,4
SA,South Australia,Americas,Brazil,866,1060,873,1077,1460,1581,1366
SA,South Australia,South-East Asia,Brunei Darussalam,18,20,18,14,14,14,11
SA,South Australia,Southern and Eastern Europe,Bulgaria,0,0,1,1,3,1,1
SA,South Australia,Sub-Saharan Africa,Burundi,2,2,3,3,4,3,3
SA,South Australia,South-East Asia,Cambodia,149,187,179,222,276,315,372
SA,South Australia,Sub-Saharan Africa,Cameroon,2,3,1,2,3,3,1
SA,South Australia,Americas,Canada,160,161,128,155,199,213,248
SA,South Australia,Americas,Chile,70,75,92,160,225,263,226
SA,South Australia,North-East Asia,China,15141,13235,10947,9395,9556,10373,10630
SA,South Australia,Americas,Colombia,506,755,862,1497,2764,2859,2114
SA,South Australia,Sub-Saharan Africa,"Congo, Democratic Republic of",1,1,1,1,3,5,7
SA,South Australia,Americas,Costa Rica,1,1,2,4,8,10,8
SA,South Australia,Sub-Saharan Africa,Cote d'Ivoire,0,0,0,0,1,0,0
SA,South Australia,Southern and Eastern Europe,Croatia,3,2,1,1,2,2,1
SA,South Australia,Americas,Cuba,0,0,0,0,1,0,0
SA,South Australia,Southern and Eastern Europe,Cyprus,5,4,2,1,2,2,2
SA,South Australia,Southern and Eastern Europe,Czech Republic,16,12,7,6,8,10,10
SA,South Australia,North-West Europe,Denmark,43,17,3,11,14,17,25
SA,South Australia,Americas,Dominica,1,1,1,1,1,3,1
SA,South Australia,Americas,Ecuador,21,12,7,28,136,229,188
SA,South Australia,North Africa and the Middle East,Egypt,31,33,37,39,52,36,40
SA,South Australia,Americas,El Salvador,3,3,3,5,6,7,5
SA,South Australia,Sub-Saharan Africa,Eritrea,1,1,0,0,0,0,0
SA,South Australia,Southern and Eastern Europe,Estonia,3,4,3,2,3,3,2
SA,South Australia,Sub-Saharan Africa,Ethiopia,38,33,28,41,49,63,66
SA,South Australia,Oceania and Antarctica,Fiji,7,13,14,27,81,99,97
SA,South Australia,North-West Europe,Finland,11,11,5,4,2,1,4
SA,South Australia,North-West Europe,France,112,95,67,94,117,120,131
SA,South Australia,Sub-Saharan Africa,Gabon,2,1,0,0,0,0,0
SA,South Australia,North Africa and the Middle East,Gaza Strip and West Bank,2,1,0,0,1,3,2
SA,South Australia,Southern and Central Asia,Georgia,0,0,0,0,1,1,1
SA,South Australia,North-West Europe,Germany,251,152,70,189,204,215,293
SA,South Australia,Sub-Saharan Africa,Ghana,48,42,40,39,37,40,35
SA,South Australia,Southern and Eastern Europe,Greece,22,20,16,21,25,24,16
SA,South Australia,Americas,Guatemala,1,2,2,1,1,3,2
SA,South Australia,Americas,Honduras,0,3,4,2,0,1,0
SA,South Australia,North-East Asia,Hong Kong SAR,2013,2009,1915,1988,2087,1794,1463
SA,South Australia,Southern and Eastern Europe,Hungary,20,16,20,27,22,22,14
SA,South Australia,North-West Europe,Iceland,2,1,0,2,1,1,1
SA,South Australia,Southern and Central Asia,India,9073,11421,11276,12151,15701,16605,15844
SA,South Australia,South-East Asia,Indonesia,335,359,376,408,495,565,639
SA,South Australia,North Africa and the Middle East,Iran,138,135,129,130,176,206,216
SA,South Australia,North Africa and the Middle East,Iraq,13,8,8,6,5,4,4
SA,South Australia,North-West Europe,Ireland,11,16,14,14,17,17,20
SA,South Australia,North Africa and the Middle East,Israel,5,6,5,4,6,5,4
SA,South Australia,Southern and Eastern Europe,Italy,310,273,254,237,221,234,229
SA,South Australia,Americas,Jamaica,1,2,2,3,4,1,0
SA,South Australia,North-East Asia,Japan,715,555,340,462,656,701,737
SA,South Australia,North Africa and the Middle East,Jordan,18,20,17,14,14,11,10
SA,South Australia,Southern and Central Asia,Kazakhstan,8,9,18,19,31,24,19
SA,South Australia,Sub-Saharan Africa,Kenya,839,771,574,655,1081,1373,1368
SA,South Australia,Oceania and Antarctica,Kiribati,1,1,0,0,0,0,0
SA,South Australia,North-East Asia,"Korea, Democratic People's Republic of (North)",1,0,0,1,0,0,0
SA,South Australia,North-East Asia,"Korea, Republic of (South)",1045,950,729,554,568,519,564
SA,South Australia,Southern and Eastern Europe,Kosovo,1,3,3,1,0,0,0
SA,South Australia,North Africa and the Middle East,Kuwait,20,21,31,46,49,84,103
SA,South Australia,Southern and Central Asia,Kyrgyzstan,1,1,1,1,0,0,1
SA,South Australia,South-East Asia,Laos,8,7,6,20,34,33,32
SA,South Australia,Southern and Eastern Europe,Latvia,6,3,2,2,2,3,1
SA,South Australia,North Africa and the Middle East,Lebanon,10,11,14,14,19,21,18
SA,South Australia,Sub-Saharan Africa,Lesotho,1,1,2,2,1,2,2
SA,South Australia,Sub-Saharan Africa,Liberia,3,2,1,1,1,1,1
SA,South Australia,North Africa and the Middle East,Libya,1,1,0,0,0,0,0
SA,South Australia,North-West Europe,Liechtenstein,0,0,0,0,0,1,0
SA,South Australia,Southern and Eastern Europe,Lithuania,8,10,8,7,3,4,3
SA,South Australia,North-West Europe,Luxembourg,2,0,0,0,0,2,1
SA,South Australia,North-East Asia,Macau,64,61,48,39,33,36,38
SA,South Australia,Sub-Saharan Africa,Malawi,5,4,4,4,4,3,7
SA,South Australia,South-East Asia,Malaysia,1466,1300,1038,935,920,890,762
SA,South Australia,Southern and Central Asia,Maldives,9,10,12,15,13,9,10
SA,South Australia,Southern and Eastern Europe,Malta,0,0,0,1,1,0,0
SA,South Australia,Sub-Saharan Africa,Mauritius,20,38,32,41,43,41,40
SA,South Australia,Americas,Mexico,51,49,52,81,156,169,154
SA,South Australia,North-East Asia,Mongolia,21,29,35,34,50,61,47
SA,South Australia,North Africa and the Middle East,Morocco,1,1,0,3,11,12,14
SA,South Australia,Sub-Saharan Africa,Mozambique,1,1,1,2,3,3,2
SA,South Australia,South-East Asia,Myanmar,67,83,54,72,68,51,29
SA,South Australia,Sub-Saharan Africa,Namibia,1,2,1,1,2,2,3
SA,South Australia,Southern and Central Asia,Nepal,2121,2491,2334,3151,3688,4063,4229
SA,South Australia,North-West Europe,Netherlands,36,22,15,18,16,17,20
SA,South Australia,Americas,Nicaragua,1,1,0,0,0,1,3
SA,South Australia,Sub-Saharan Africa,Nigeria,242,252,274,359,477,411,310
SA,South Australia,Southern and Eastern Europe,North Macedonia,3,3,3,4,2,2,1
SA,South Australia,North-West Europe,Norway,34,19,6,26,32,32,36
SA,South Australia,North Africa and the Middle East,Oman,145,189,132,38,19,12,11
SA,South Australia,Unknown,Other,5,8,5,4,4,2,3
SA,South Australia,Southern and Central Asia,Pakistan,520,623,706,802,1168,1162,1096
SA,South Australia,Americas,Panama,0,1,3,3,4,7,8
SA,South Australia,Oceania and Antarctica,Papua New Guinea,16,28,25,41,56,62,63
SA,South Australia,Americas,Paraguay,2,1,3,1,6,9,4
SA,South Australia,Americas,Peru,36,54,62,112,184,208,202
SA,South Australia,South-East Asia,Philippines,947,1177,942,1007,2016,2663,2246
SA,South Australia,Southern and Eastern Europe,Poland,52,58,44,19,17,12,18
SA,South Australia,Southern and Eastern Europe,Portugal,35,46,39,42,38,40,39
SA,South Australia,North Africa and the Middle East,Qatar,2,2,1,0,0,0,1
SA,South Australia,Southern and Eastern Europe,Romania,6,2,1,3,1,2,4
SA,South Australia,Southern and Eastern Europe,Russian Federation,28,29,26,38,63,76,64
SA,South Australia,Sub-Saharan Africa,Rwanda,1,1,1,3,2,2,2
SA,South Australia,Southern and Eastern Europe,San Marino,0,0,0,0,0,0,1
SA,South Australia,North Africa and the Middle East,Saudi Arabia,593,559,358,293,304,279,252
SA,South Australia,Southern and Eastern Europe,Serbia,6,3,1,4,6,7,5
SA,South Australia,Sub-Saharan Africa,Seychelles,2,1,1,1,1,1,1
SA,South Australia,Sub-Saharan Africa,Sierra Leone,0,2,4,6,10,7,4
SA,South Australia,South-East Asia,Singapore,600,548,485,486,503,511,536
SA,South Australia,Southern and Eastern Europe,Slovakia,13,15,8,11,10,4,6
SA,South Australia,Southern and Eastern Europe,Slovenia,6,5,4,2,1,1,0
SA,South Australia,Oceania and Antarctica,Solomon Islands,3,2,3,4,4,9,11
SA,South Australia,Sub-Saharan Africa,Somalia,1,1,2,0,0,0,0
SA,South Australia,Sub-Saharan Africa,South Africa,37,43,43,46,53,45,38
SA,South Australia,Southern and Eastern Europe,Spain,55,54,30,57,102,82,69
SA,South Australia,Southern and Central Asia,Sri Lanka,636,808,790,912,1414,1546,1557
SA,South Australia,Americas,St Kitts and Nevis,0,0,0,0,1,2,1
SA,South Australia,Americas,St Lucia,0,1,1,1,1,1,1
SA,South Australia,North Africa and the Middle East,Sudan,12,18,14,6,3,0,1
SA,South Australia,Americas,Suriname,0,0,1,1,1,2,3
SA,South Australia,Sub-Saharan Africa,Swaziland,0,0,0,0,1,2,2
SA,South Australia,North-West Europe,Sweden,28,17,2,10,20,26,28
SA,South Australia,North-West Europe,Switzerland,34,17,7,11,16,13,18
SA,South Australia,North Africa and the Middle East,Syria,0,0,0,0,3,3,2
SA,South Australia,North-East Asia,Taiwan,693,660,553,518,651,760,736
SA,South Australia,Sub-Saharan Africa,Tanzania,21,22,14,14,16,14,14
SA,South Australia,South-East Asia,Thailand,206,209,174,468,902,956,709
SA,South Australia,South-East Asia,Timor-Leste,2,1,0,3,16,4,3
SA,South Australia,Oceania and Antarctica,Tonga,0,0,0,0,1,4,5
SA,South Australia,Americas,Trinidad and Tobago,0,0,0,2,2,0,0
SA,South Australia,North Africa and the Middle East,Tunisia,1,1,0,1,1,4,3
SA,South Australia,North Africa and the Middle East,Turkiye,22,32,46,51,73,58,59
SA,South Australia,Oceania and Antarctica,Tuvalu,3,2,2,1,1,0,0
SA,South Australia,Sub-Saharan Africa,Uganda,14,15,17,11,13,14,14
SA,South Australia,Southern and Eastern Europe,Ukraine,10,6,3,4,5,6,7
SA,South Australia,North Africa and the Middle East,United Arab Emirates,42,47,40,33,29,69,99
SA,South Australia,North-West Europe,United Kingdom,284,222,131,162,225,251,200
SA,South Australia,Unknown,United Kingdom (Other),1,0,0,0,0,0,0
SA,South Australia,Americas,United States of America,224,147,98,115,161,150,161
SA,South Australia,Americas,Uruguay,4,2,3,9,7,12,12
SA,South Australia,Southern and Central Asia,Uzbekistan,5,4,3,5,6,15,14
SA,South Australia,Oceania and Antarctica,Vanuatu,0,0,1,1,2,3,1
SA,South Australia,Americas,Venezuela,25,23,16,19,36,40,30
SA,South Australia,South-East Asia,Vietnam,2111,2241,2092,2222,3185,3931,3699
SA,South Australia,North Africa and the Middle East,Yemen,5,5,5,3,2,3,1
SA,South Australia,Sub-Saharan Africa,Zambia,14,16,15,13,19,27,14
SA,South Australia,Sub-Saharan Africa,Zimbabwe,62,49,53,59,71,76,65
TAS,Tasmania,Southern and Central Asia,Afghanistan,1,1,0,0,0,0,1
TAS,Tasmania,Southern and Eastern Europe,Albania,1,0,1,2,2,2,2
TAS,Tasmania,Sub-Saharan Africa,Angola,0,1,1,0,0,0,0
TAS,Tasmania,Americas,Argentina,7,10,6,11,36,41,53
TAS,Tasmania,North-West Europe,Austria,4,2,1,2,1,3,0
TAS,Tasmania,Southern and Central Asia,Azerbaijan,1,0,0,0,1,1,2
TAS,Tasmania,North Africa and the Middle East,Bahrain,1,1,0,0,0,0,0
TAS,Tasmania,Southern and Central Asia,Bangladesh,333,365,321,324,421,812,716
TAS,Tasmania,Americas,Barbados,0,0,0,0,0,1,1
TAS,Tasmania,Southern and Eastern Europe,Belarus,1,1,0,0,0,0,0
TAS,Tasmania,North-West Europe,Belgium,8,5,7,9,7,7,5
TAS,Tasmania,Sub-Saharan Africa,Benin,0,0,0,0,1,2,2
TAS,Tasmania,Southern and Central Asia,Bhutan,6,7,7,12,23,24,22
TAS,Tasmania,Americas,Bolivia,0,0,0,0,0,1,1
TAS,Tasmania,Southern and Eastern Europe,Bosnia and Herzegovina,2,4,0,0,0,0,0
TAS,Tasmania,Sub-Saharan Africa,Botswana,0,0,0,0,0,1,1
TAS,Tasmania,Americas,Brazil,218,248,151,137,125,154,160
TAS,Tasmania,South-East Asia,Brunei Darussalam,2,2,1,2,1,0,0
TAS,Tasmania,Southern and Eastern Europe,Bulgaria,3,1,0,0,0,0,0
TAS,Tasmania,Sub-Saharan Africa,Burundi,0,0,1,2,1,1,0
TAS,Tasmania,South-East Asia,Cambodia,27,29,32,28,29,18,14
TAS,Tasmania,Sub-Saharan Africa,Cameroon,4,4,5,6,6,4,3
TAS,Tasmania,Americas,Canada,24,21,13,17,29,35,34
TAS,Tasmania,Americas,Chile,22,32,32,40,27,54,91
TAS,Tasmania,North-East Asia,China,5330,4804,3589,2294,1413,1078,912
TAS,Tasmania,Americas,Colombia,113,167,176,185,194,301,313
TAS,Tasmania,Sub-Saharan Africa,"Congo, Democratic Republic of",0,0,2,2,1,0,0
TAS,Tasmania,Americas,Costa Rica,0,0,0,0,0,0,1
TAS,Tasmania,Southern and Eastern Europe,Croatia,0,1,1,2,1,0,2
TAS,Tasmania,Americas,Cuba,0,0,0,0,0,0,1
TAS,Tasmania,Southern and Eastern Europe,Cyprus,0,0,0,0,1,3,4
TAS,Tasmania,Southern and Eastern Europe,Czech Republic,7,5,8,6,4,3,1
TAS,Tasmania,North-West Europe,Denmark,29,16,4,14,18,22,14
TAS,Tasmania,Sub-Saharan Africa,Djibouti,0,0,0,0,0,0,1
TAS,Tasmania,Americas,Ecuador,3,5,4,4,4,17,29
TAS,Tasmania,North Africa and the Middle East,Egypt,16,18,13,9,11,9,6
TAS,Tasmania,Americas,El Salvador,2,1,0,0,2,4,4
TAS,Tasmania,Southern and Eastern Europe,Estonia,1,2,4,4,4,2,3
TAS,Tasmania,Sub-Saharan Africa,Ethiopia,8,10,8,13,21,23,21
TAS,Tasmania,Oceania and Antarctica,Fiji,9,8,9,38,159,184,75
TAS,Tasmania,North-West Europe,Finland,0,2,1,0,1,1,5
TAS,Tasmania,North-West Europe,France,33,32,26,25,24,33,34
TAS,Tasmania,North Africa and the Middle East,Gaza Strip and West Bank,1,1,0,0,0,0,0
TAS,Tasmania,North-West Europe,Germany,57,52,36,38,60,59,57
TAS,Tasmania,Sub-Saharan Africa,Ghana,22,24,24,24,28,32,25
TAS,Tasmania,Southern and Eastern Europe,Greece,4,2,1,1,1,1,1
TAS,Tasmania,Americas,Guatemala,2,2,2,0,2,2,3
TAS,Tasmania,Americas,Honduras,0,0,0,0,0,0,1
TAS,Tasmania,North-East Asia,Hong Kong SAR,409,481,403,279,215,174,161
TAS,Tasmania,Southern and Eastern Europe,Hungary,2,0,0,0,0,0,2
TAS,Tasmania,Southern and Central Asia,India,2371,2799,2845,2922,2328,1781,1457
TAS,Tasmania,South-East Asia,Indonesia,166,182,160,146,124,99,106
TAS,Tasmania,North Africa and the Middle East,Iran,71,56,41,37,35,34,33
TAS,Tasmania,North Africa and the Middle East,Iraq,2,3,5,4,3,0,0
TAS,Tasmania,North-West Europe,Ireland,5,5,5,6,2,2,5
TAS,Tasmania,North Africa and the Middle East,Israel,0,0,0,1,1,1,1
TAS,Tasmania,Southern and Eastern Europe,Italy,43,46,30,36,63,65,78
TAS,Tasmania,Americas,Jamaica,1,1,1,0,1,1,1
TAS,Tasmania,North-East Asia,Japan,112,86,51,72,99,116,89
TAS,Tasmania,North Africa and the Middle East,Jordan,5,11,10,8,4,5,6
TAS,Tasmania,Southern and Central Asia,Kazakhstan,3,2,2,2,1,1,2
TAS,Tasmania,Sub-Saharan Africa,Kenya,32,37,34,46,107,151,122
TAS,Tasmania,North-East Asia,"Korea, Republic of (South)",272,213,156,113,96,84,92
TAS,Tasmania,North Africa and the Middle East,Kuwait,1,0,0,0,0,0,0
TAS,Tasmania,Southern and Central Asia,Kyrgyzstan,0,2,1,1,1,2,1
TAS,Tasmania,South-East Asia,Laos,6,6,2,2,4,3,3
TAS,Tasmania,North Africa and the Middle East,Lebanon,10,8,11,6,2,3,4
TAS,Tasmania,Sub-Saharan Africa,Liberia,0,0,0,1,1,1,1
TAS,Tasmania,North Africa and the Middle East,Libya,1,2,0,0,0,0,0
TAS,Tasmania,North-West Europe,Liechtenstein,0,0,0,0,1,0,0
TAS,Tasmania,Southern and Eastern Europe,Lithuania,6,6,7,3,1,0,0
TAS,Tasmania,North-East Asia,Macau,10,10,10,3,1,1,1
TAS,Tasmania,Sub-Saharan Africa,Madagascar,1,1,1,1,0,0,0
TAS,Tasmania,Sub-Saharan Africa,Malawi,3,2,0,0,1,1,1
TAS,Tasmania,South-East Asia,Malaysia,651,507,395,328,255,188,138
TAS,Tasmania,Southern and Central Asia,Maldives,2,1,1,1,0,1,2
TAS,Tasmania,Sub-Saharan Africa,Mauritius,26,23,20,20,16,12,10
TAS,Tasmania,Americas,Mexico,17,15,12,15,17,22,22
TAS,Tasmania,North-East Asia,Mongolia,7,7,6,6,12,8,7
TAS,Tasmania,Southern and Eastern Europe,Montenegro,2,2,1,0,0,0,0
TAS,Tasmania,North Africa and the Middle East,Morocco,3,4,4,4,2,3,2
TAS,Tasmania,South-East Asia,Myanmar,13,16,19,15,13,9,6
TAS,Tasmania,Sub-Saharan Africa,Namibia,0,0,0,0,1,1,2
TAS,Tasmania,Southern and Central Asia,Nepal,1504,2072,2280,2424,1878,1808,1733
TAS,Tasmania,North-West Europe,Netherlands,20,14,10,11,13,15,18
TAS,Tasmania,Sub-Saharan Africa,Nigeria,82,122,140,148,152,144,96
TAS,Tasmania,Southern and Eastern Europe,North Macedonia,3,1,1,1,1,2,1
TAS,Tasmania,North-West Europe,Norway,13,4,0,10,4,12,15
TAS,Tasmania,North Africa and the Middle East,Oman,1,2,2,2,2,2,2
TAS,Tasmania,Unknown,Other,3,2,2,4,1,1,0
TAS,Tasmania,Southern and Central Asia,Pakistan,956,1132,1034,895,708,583,769
TAS,Tasmania,Oceania and Antarctica,Papua New Guinea,7,5,5,4,9,12,12
TAS,Tasmania,Americas,Paraguay,0,0,0,0,1,1,1
TAS,Tasmania,Americas,Peru,6,9,6,8,13,26,34
TAS,Tasmania,South-East Asia,Philippines,178,203,176,152,295,424,339
TAS,Tasmania,Southern and Eastern Europe,Poland,10,4,6,7,4,5,6
TAS,Tasmania,Southern and Eastern Europe,Portugal,7,6,8,5,3,4,1
TAS,Tasmania,Southern and Eastern Europe,Romania,0,1,2,2,0,0,0
TAS,Tasmania,Southern and Eastern Europe,Russian Federation,18,18,17,14,14,10,7
TAS,Tasmania,North Africa and the Middle East,Saudi Arabia,39,28,26,28,37,33,85
TAS,Tasmania,Southern and Eastern Europe,Serbia,2,2,4,1,0,0,0
TAS,Tasmania,Sub-Saharan Africa,Seychelles,2,1,0,0,0,0,0
TAS,Tasmania,Sub-Saharan Africa,Sierra Leone,2,2,1,1,1,0,0
TAS,Tasmania,South-East Asia,Singapore,249,209,158,116,87,79,77
TAS,Tasmania,Southern and Eastern Europe,Slovakia,2,2,1,1,0,0,0
TAS,Tasmania,Southern and Eastern Europe,Slovenia,2,0,0,0,0,0,0
TAS,Tasmania,Oceania and Antarctica,Solomon Islands,2,5,6,3,2,2,1
TAS,Tasmania,Sub-Saharan Africa,South Africa,13,12,15,11,15,15,13
TAS,Tasmania,Southern and Eastern Europe,Spain,19,14,14,13,10,12,10
TAS,Tasmania,Southern and Central Asia,Sri Lanka,417,460,421,428,412,399,372
TAS,Tasmania,Americas,St Lucia,1,1,1,1,0,0,0
TAS,Tasmania,North Africa and the Middle East,Sudan,0,1,1,0,1,1,1
TAS,Tasmania,North-West Europe,Sweden,3,3,1,7,11,10,9
TAS,Tasmania,North-West Europe,Switzerland,19,4,1,5,15,13,13
TAS,Tasmania,North Africa and the Middle East,Syria,0,0,0,0,0,1,1
TAS,Tasmania,North-East Asia,Taiwan,382,347,240,165,139,164,190
TAS,Tasmania,Sub-Saharan Africa,Tanzania,3,3,4,4,3,2,2
TAS,Tasmania,South-East Asia,Thailand,77,64,59,86,121,136,98
TAS,Tasmania,South-East Asia,Timor-Leste,0,0,0,1,1,1,0
TAS,Tasmania,Oceania and Antarctica,Tonga,0,0,0,2,4,2,1
TAS,Tasmania,North Africa and the Middle East,Turkiye,3,5,8,5,3,3,4
TAS,Tasmania,Southern and Central Asia,Turkmenistan,0,0,1,1,1,1,1
TAS,Tasmania,Sub-Saharan Africa,Uganda,7,5,2,4,4,7,5
TAS,Tasmania,Southern and Eastern Europe,Ukraine,8,5,4,2,1,1,1
TAS,Tasmania,North Africa and the Middle East,United Arab Emirates,54,23,20,19,8,3,2
TAS,Tasmania,North-West Europe,United Kingdom,54,53,41,48,45,62,64
TAS,Tasmania,Americas,United States of America,112,64,47,51,54,62,59
TAS,Tasmania,Americas,Uruguay,0,0,0,0,0,1,4
TAS,Tasmania,Southern and Central Asia,Uzbekistan,0,2,1,1,0,0,1
TAS,Tasmania,Oceania and Antarctica,Vanuatu,2,2,1,1,2,2,1
TAS,Tasmania,Americas,Venezuela,11,11,4,0,0,2,3
TAS,Tasmania,South-East Asia,Vietnam,645,687,586,526,504,483,386
TAS,Tasmania,North Africa and the Middle East,Yemen,5,5,2,1,1,0,0
TAS,Tasmania,Sub-Saharan Africa,Zambia,1,3,2,2,0,1,1
TAS,Tasmania,Sub-Saharan Africa,Zimbabwe,9,12,11,14,12,9,12
VIC,Victoria,Southern and Central Asia,Afghanistan,16,18,17,9,13,21,13
VIC,Victoria,Southern and Eastern Europe,Albania,58,45,30,28,31,32,25
VIC,Victoria,North Africa and the Middle East,Algeria,0,1,0,0,2,7,7
VIC,Victoria,Southern and Eastern Europe,Andorra,3,3,1,2,2,1,0
VIC,Victoria,Americas,Antigua and Barbuda,0,0,0,1,1,0,1
VIC,Victoria,Americas,Argentina,338,370,295,322,496,584,571
VIC,Victoria,Southern and Central Asia,Armenia,5,6,6,10,12,13,14
VIC,Victoria,North-West Europe,Austria,66,46,30,48,51,54,47
VIC,Victoria,Southern and Central Asia,Azerbaijan,14,15,15,11,15,17,10
VIC,Victoria,Americas,Bahamas,0,0,0,1,1,3,2
VIC,Victoria,North Africa and the Middle East,Bahrain,15,12,7,10,13,15,12
VIC,Victoria,Southern and Central Asia,Bangladesh,1720,1688,1577,1986,3130,4940,7744
VIC,Victoria,Americas,Barbados,3,2,1,1,0,4,3
VIC,Victoria,Southern and Eastern Europe,Belarus,7,4,4,5,6,6,6
VIC,Victoria,North-West Europe,Belgium,132,107,77,104,134,122,113
VIC,Victoria,Americas,Belize,1,1,0,0,0,0,0
VIC,Victoria,Sub-Saharan Africa,Benin,1,1,0,0,0,0,0
VIC,Victoria,Americas,Bermuda,0,0,1,1,0,1,1
VIC,Victoria,Southern and Central Asia,Bhutan,238,288,236,260,404,463,431
VIC,Victoria,Americas,Bolivia,18,15,9,22,38,44,41
VIC,Victoria,Southern and Eastern Europe,Bosnia and Herzegovina,34,26,18,12,13,19,5
VIC,Victoria,Sub-Saharan Africa,Botswana,40,41,41,43,61,83,80
VIC,Victoria,Americas,Brazil,4525,3656,2184,2224,2962,3052,2607
VIC,Victoria,South-East Asia,Brunei Darussalam,138,113,102,94,109,103,114
VIC,Victoria,Southern and Eastern Europe,Bulgaria,68,52,27,25,25,23,19
VIC,Victoria,Sub-Saharan Africa,Burkina Faso,1,0,0,0,0,0,0
VIC,Victoria,Sub-Saharan Africa,Burundi,0,0,1,2,6,4,5
VIC,Victoria,South-East Asia,Cambodia,1930,2031,1766,1997,2607,3177,3560
VIC,Victoria,Sub-Saharan Africa,Cameroon,14,11,11,8,8,5,5
VIC,Victoria,Americas,Canada,873,823,631,680,838,905,880
VIC,Victoria,Sub-Saharan Africa,Chad,0,0,1,1,1,1,1
VIC,Victoria,Americas,Chile,1595,1455,974,1270,2048,2208,1833
VIC,Victoria,North-East Asia,China,87415,74292,61728,52931,56617,64060,67069
VIC,Victoria,Americas,Colombia,11187,11394,7915,9072,17199,18205,13438
VIC,Victoria,Sub-Saharan Africa,"Congo, Democratic Republic of",4,5,9,8,8,6,8
VIC,Victoria,Sub-Saharan Africa,"Congo, Republic of",0,0,0,1,0,0,0
VIC,Victoria,Americas,Costa Rica,20,12,6,4,12,10,9
VIC,Victoria,Sub-Saharan Africa,Cote d'Ivoire,1,1,1,1,1,2,2
VIC,Victoria,Southern and Eastern Europe,Croatia,40,34,29,17,14,14,14
VIC,Victoria,Americas,Cuba,3,5,2,0,6,8,3
VIC,Victoria,Southern and Eastern Europe,Cyprus,32,28,20,10,14,10,10
VIC,Victoria,Southern and Eastern Europe,Czech Republic,143,91,31,42,62,56,67
VIC,Victoria,North-West Europe,Denmark,303,124,34,166,269,234,216
VIC,Victoria,Sub-Saharan Africa,Djibouti,2,0,0,0,1,3,3
VIC,Victoria,Americas,Dominica,4,3,3,4,5,3,3
VIC,Victoria,Americas,Dominican Republic,3,3,3,8,14,20,10
VIC,Victoria,Americas,Ecuador,168,143,96,116,412,728,644
VIC,Victoria,North Africa and the Middle East,Egypt,140,146,139,149,165,170,159
VIC,Victoria,Americas,El Salvador,22,22,16,20,27,25,19
VIC,Victoria,Sub-Saharan Africa,Equatorial Guinea,0,0,0,0,1,1,0
VIC,Victoria,Sub-Saharan Africa,Eritrea,0,0,0,1,3,3,2
VIC,Victoria,Southern and Eastern Europe,Estonia,91,60,32,20,14,13,16
VIC,Victoria,Sub-Saharan Africa,Ethiopia,45,49,44,81,102,120,157
VIC,Victoria,Americas,Falkland Islands,0,1,1,1,0,0,0
VIC,Victoria,Oceania and Antarctica,Fiji,328,376,341,578,1583,2213,1865
VIC,Victoria,North-West Europe,Finland,102,89,44,52,64,62,37
VIC,Victoria,North-West Europe,France,1412,1168,731,738,822,849,746
VIC,Victoria,Americas,French Guiana,1,0,0,0,0,0,0
VIC,Victoria,Oceania and Antarctica,French Polynesia,1,1,3,0,0,0,0
VIC,Victoria,Sub-Saharan Africa,Gambia,3,4,2,3,3,2,2
VIC,Victoria,North Africa and the Middle East,Gaza Strip and West Bank,9,9,7,6,9,6,5
VIC,Victoria,Southern and Central Asia,Georgia,2,0,0,0,2,3,2
VIC,Victoria,North-West Europe,Germany,1040,754,443,661,800,749,707
VIC,Victoria,Sub-Saharan Africa,Ghana,145,113,102,112,118,116,113
VIC,Victoria,Southern and Eastern Europe,Greece,520,385,240,164,152,151,116
VIC,Victoria,Americas,Grenada,2,1,1,1,0,1,1
VIC,Victoria,Americas,Guatemala,16,20,19,18,22,38,36
VIC,Victoria,Sub-Saharan Africa,Guinea,1,1,0,0,0,0,0
VIC,Victoria,Sub-Saharan Africa,Guinea-Bissau,2,1,1,0,0,0,0
VIC,Victoria,Americas,Guyana,1,1,1,1,0,0,0
VIC,Victoria,Americas,Haiti,3,2,1,0,1,1,1
VIC,Victoria,Americas,Honduras,7,8,6,4,6,13,15
VIC,Victoria,North-East Asia,Hong Kong SAR,3743,3485,3204,3485,3914,4028,3540
VIC,Victoria,Southern and Eastern Europe,Hungary,50,42,25,35,37,37,28
VIC,Victoria,North-West Europe,Iceland,16,12,6,7,6,7,6
VIC,Victoria,Southern and Central Asia,India,67292,68741,58057,52838,65574,77745,78367
VIC,Victoria,South-East Asia,Indonesia,7364,7035,6164,6305,7700,8958,9576
VIC,Victoria,North Africa and the Middle East,Iran,918,826,818,892,1131,1288,1250
VIC,Victoria,North Africa and the Middle East,Iraq,95,56,34,34,25,17,20
VIC,Victoria,North-West Europe,Ireland,320,345,287,210,179,223,241
VIC,Victoria,North Africa and the Middle East,Israel,127,101,84,73,72,72,87
VIC,Victoria,Southern and Eastern Europe,Italy,2355,1973,1322,979,825,897,966
VIC,Victoria,Americas,Jamaica,6,3,2,2,3,7,8
VIC,Victoria,North-East Asia,Japan,3993,2994,2001,2394,3307,3550,3463
VIC,Victoria,North Africa and the Middle East,Jordan,94,87,73,72,86,89,86
VIC,Victoria,Southern and Central Asia,Kazakhstan,56,44,36,44,54,60,69
VIC,Victoria,Sub-Saharan Africa,Kenya,984,952,886,1252,2505,3141,3158
VIC,Victoria,Oceania and Antarctica,Kiribati,5,5,4,3,3,7,11
VIC,Victoria,North-East Asia,"Korea, Democratic People's Republic of (North)",0,0,0,0,1,0,0
VIC,Victoria,North-East Asia,"Korea, Republic of (South)",5050,4268,3119,2712,2671,2992,3012
VIC,Victoria,Southern and Eastern Europe,Kosovo,0,0,0,2,2,6,4
VIC,Victoria,North Africa and the Middle East,Kuwait,229,183,186,180,198,297,399
VIC,Victoria,Southern and Central Asia,Kyrgyzstan,9,4,4,9,13,12,9
VIC,Victoria,South-East Asia,Laos,155,131,91,154,348,474,460
VIC,Victoria,Southern and Eastern Europe,Latvia,22,23,16,11,9,9,7
VIC,Victoria,North Africa and the Middle East,Lebanon,126,114,86,89,96,99,87
VIC,Victoria,Sub-Saharan Africa,Lesotho,1,2,2,2,2,5,4
VIC,Victoria,Sub-Saharan Africa,Liberia,0,0,1,1,1,2,2
VIC,Victoria,North Africa and the Middle East,Libya,2,2,1,0,0,0,0
VIC,Victoria,North-West Europe,Liechtenstein,0,0,0,1,0,0,0
VIC,Victoria,Southern and Eastern Europe,Lithuania,90,64,26,55,76,72,52
VIC,Victoria,North-West Europe,Luxembourg,13,11,5,9,8,7,9
VIC,Victoria,North-East Asia,Macau,300,277,243,213,220,244,244
VIC,Victoria,Sub-Saharan Africa,Madagascar,15,11,7,6,10,11,13
VIC,Victoria,Sub-Saharan Africa,Malawi,19,27,21,21,22,22,21
VIC,Victoria,South-East Asia,Malaysia,14630,11866,8744,8588,9706,9778,8653
VIC,Victoria,Southern and Central Asia,Maldives,55,59,51,48,65,79,75
VIC,Victoria,Sub-Saharan Africa,Mali,0,0,0,0,1,1,0
VIC,Victoria,Southern and Eastern Europe,Malta,9,6,7,9,7,14,17
VIC,Victoria,Sub-Saharan Africa,Mauritania,1,0,0,0,0,0,0
VIC,Victoria,Sub-Saharan Africa,Mauritius,1195,979,763,744,864,1048,1002
VIC,Victoria,Americas,Mexico,1241,1023,494,754,1351,1724,1757
VIC,Victoria,Southern and Eastern Europe,Moldova,0,0,1,3,2,3,3
VIC,Victoria,North-West Europe,Monaco,1,0,1,2,1,1,1
VIC,Victoria,North-East Asia,Mongolia,428,341,228,285,607,822,703
VIC,Victoria,Southern and Eastern Europe,Montenegro,6,3,1,2,2,4,5
VIC,Victoria,North Africa and the Middle East,Morocco,22,23,21,13,23,25,20
VIC,Victoria,Sub-Saharan Africa,Mozambique,11,10,8,7,6,7,4
VIC,Victoria,South-East Asia,Myanmar,1515,1808,1081,917,711,492,292
VIC,Victoria,Sub-Saharan Africa,Namibia,3,1,1,1,1,0,0
VIC,Victoria,Oceania and Antarctica,Nauru,1,1,0,1,2,2,4
VIC,Victoria,Southern and Central Asia,Nepal,11734,12225,10547,10847,11628,12918,14071
VIC,Victoria,North-West Europe,Netherlands,391,220,130,236,279,253,236
VIC,Victoria,Oceania and Antarctica,New Caledonia,0,0,0,0,0,1,1
VIC,Victoria,Americas,Nicaragua,3,4,4,3,3,3,3
VIC,Victoria,Sub-Saharan Africa,Nigeria,453,424,362,465,612,650,576
VIC,Victoria,Southern and Eastern Europe,North Macedonia,146,130,96,71,126,124,92
VIC,Victoria,North-West Europe,Norway,243,163,76,141,190,183,168
VIC,Victoria,North Africa and the Middle East,Oman,479,421,312,142,84,116,144
VIC,Victoria,Unknown,Other,32,37,26,19,27,19,16
VIC,Victoria,Southern and Central Asia,Pakistan,7096,6952,5796,6323,8979,9929,9295
VIC,Victoria,Americas,Panama,12,12,8,7,19,28,21
VIC,Victoria,Oceania and Antarctica,Papua New Guinea,69,51,44,38,63,92,140
VIC,Victoria,Americas,Paraguay,60,46,24,47,48,37,31
VIC,Victoria,Americas,Peru,350,350,258,287,516,649,615
VIC,Victoria,South-East Asia,Philippines,6205,7314,6138,6119,11181,15230,12717
VIC,Victoria,Southern and Eastern Europe,Poland,247,193,120,114,116,120,116
VIC,Victoria,Southern and Eastern Europe,Portugal,242,207,167,163,173,176,185
VIC,Victoria,Americas,Puerto Rico,1,2,1,1,1,0,0
VIC,Victoria,North Africa and the Middle East,Qatar,48,25,12,9,10,6,5
VIC,Victoria,Southern and Eastern Europe,Romania,65,49,36,38,44,42,26
VIC,Victoria,Southern and Eastern Europe,Russian Federation,293,246,188,184,281,300,240
VIC,Victoria,Sub-Saharan Africa,Rwanda,5,6,6,12,8,8,6
VIC,Victoria,Oceania and Antarctica,Samoa,1,7,10,12,13,21,22
VIC,Victoria,Southern and Eastern Europe,San Marino,0,0,0,0,1,2,1
VIC,Victoria,North Africa and the Middle East,Saudi Arabia,3001,2812,1891,1400,1581,1796,2092
VIC,Victoria,Sub-Saharan Africa,Senegal,7,4,2,3,2,1,0
VIC,Victoria,Southern and Eastern Europe,Serbia,60,57,33,17,17,18,14
VIC,Victoria,Sub-Saharan Africa,Seychelles,13,11,7,8,7,6,6
VIC,Victoria,Sub-Saharan Africa,Sierra Leone,2,0,1,2,2,4,3
VIC,Victoria,South-East Asia,Singapore,2771,2431,1978,2017,2257,2362,2370
VIC,Victoria,Southern and Eastern Europe,Slovakia,83,59,24,22,32,31,22
VIC,Victoria,Southern and Eastern Europe,Slovenia,34,28,15,17,20,17,15
VIC,Victoria,Oceania and Antarctica,Solomon Islands,19,16,19,16,18,22,22
VIC,Victoria,Sub-Saharan Africa,Somalia,1,2,3,1,0,0,0
VIC,Victoria,Sub-Saharan Africa,South Africa,221,194,167,162,202,235,221
VIC,Victoria,North Africa and the Middle East,South Sudan,0,0,0,3,2,2,2
VIC,Victoria,Southern and Eastern Europe,Spain,1200,853,365,451,735,780,636
VIC,Victoria,Southern and Central Asia,Sri Lanka,11490,11285,9829,9157,12011,15572,17319
VIC,Victoria,Sub-Saharan Africa,St Helena,1,0,0,0,0,0,0
VIC,Victoria,Americas,St Kitts and Nevis,4,2,1,1,1,4,3
VIC,Victoria,Americas,St Lucia,1,1,1,1,1,1,1
VIC,Victoria,Americas,St Vincent and the Grenadines,0,0,1,1,1,1,1
VIC,Victoria,North Africa and the Middle East,Sudan,20,19,19,15,11,12,12
VIC,Victoria,Americas,Suriname,1,3,4,3,3,2,1
VIC,Victoria,Sub-Saharan Africa,Swaziland,3,1,2,0,0,0,0
VIC,Victoria,North-West Europe,Sweden,345,207,118,159,202,214,201
VIC,Victoria,North-West Europe,Switzerland,138,108,50,64,82,100,111
VIC,Victoria,North Africa and the Middle East,Syria,7,7,5,6,9,13,8
VIC,Victoria,North-East Asia,Taiwan,4853,4081,2998,2880,3267,3830,4134
VIC,Victoria,Southern and Central Asia,Tajikistan,1,1,1,0,1,1,0
VIC,Victoria,Sub-Saharan Africa,Tanzania,41,43,38,38,40,46,50
VIC,Victoria,South-East Asia,Thailand,7655,6300,3910,8513,14827,12788,9846
VIC,Victoria,South-East Asia,Timor-Leste,51,31,26,32,52,62,54
VIC,Victoria,Sub-Saharan Africa,Togo,0,1,2,1,1,1,0
VIC,Victoria,Oceania and Antarctica,Tonga,6,8,4,7,16,30,30
VIC,Victoria,Americas,Trinidad and Tobago,8,7,5,3,5,3,2
VIC,Victoria,North Africa and the Middle East,Tunisia,7,6,4,8,4,7,8
VIC,Victoria,North Africa and the Middle East,Turkiye,1167,1113,710,1286,2706,3226,2789
VIC,Victoria,Southern and Central Asia,Turkmenistan,0,0,0,0,1,4,2
VIC,Victoria,Oceania and Antarctica,Tuvalu,4,4,4,3,3,3,2
VIC,Victoria,Sub-Saharan Africa,Uganda,65,62,62,58,67,80,90
VIC,Victoria,Southern and Eastern Europe,Ukraine,56,43,34,32,32,32,29
VIC,Victoria,North Africa and the Middle East,United Arab Emirates,158,140,122,91,129,267,373
VIC,Victoria,North-West Europe,United Kingdom,2243,1891,1318,1236,1302,1355,1275
VIC,Victoria,Unknown,United Kingdom (Other),2,2,2,1,2,2,1
VIC,Victoria,Americas,United States of America,1988,1398,781,919,1349,1435,1444
VIC,Victoria,Americas,Uruguay,32,40,23,26,35,40,44
VIC,Victoria,Southern and Central Asia,Uzbekistan,49,41,31,24,31,50,84
VIC,Victoria,Oceania and Antarctica,Vanuatu,8,5,5,2,4,11,13
VIC,Victoria,Americas,Venezuela,257,131,74,53,68,69,41
VIC,Victoria,South-East Asia,Vietnam,13081,11721,9529,10302,15890,19661,18325
VIC,Victoria,North Africa and the Middle East,Yemen,18,14,4,8,13,11,7
VIC,Victoria,Sub-Saharan Africa,Zambia,40,36,26,22,22,20,24
VIC,Victoria,Sub-Saharan Africa,Zimbabwe,308,304,288,353,433,532,513
WA,Western Australia,Southern and Central Asia,Afghanistan,0,1,0,0,0,1,2
WA,Western Australia,Southern and Eastern Europe,Albania,1,0,1,2,4,2,1
WA,Western Australia,North Africa and the Middle East,Algeria,2,4,3,7,6,7,4
WA,Western Australia,Southern and Eastern Europe,Andorra,2,0,0,0,0,0,0
WA,Western Australia,Americas,Antigua and Barbuda,0,0,0,1,1,1,0
WA,Western Australia,Americas,Argentina,66,89,95,147,246,383,421
WA,Western Australia,Southern and Central Asia,Armenia,1,0,0,2,3,5,5
WA,Western Australia,North-West Europe,Austria,26,15,5,10,16,20,18
WA,Western Australia,Southern and Central Asia,Azerbaijan,0,1,1,2,5,6,6
WA,Western Australia,Americas,Bahamas,0,0,0,0,1,2,1
WA,Western Australia,North Africa and the Middle East,Bahrain,2,3,1,1,1,1,1
WA,Western Australia,Southern and Central Asia,Bangladesh,288,332,329,506,1309,2251,3731
WA,Western Australia,Americas,Barbados,1,2,1,0,0,0,0
WA,Western Australia,Southern and Eastern Europe,Belarus,0,0,0,0,1,2,3
WA,Western Australia,North-West Europe,Belgium,61,48,39,56,83,93,99
WA,Western Australia,Sub-Saharan Africa,Benin,0,0,0,1,3,3,0
WA,Western Australia,Southern and Central Asia,Bhutan,2220,2289,1865,3097,10165,11920,11264
WA,Western Australia,Americas,Bolivia,8,9,8,9,30,30,22
WA,Western Australia,Southern and Eastern Europe,Bosnia and Herzegovina,7,6,6,3,4,2,1
WA,Western Australia,Sub-Saharan Africa,Botswana,21,18,15,6,24,43,48
WA,Western Australia,Americas,Brazil,2308,1910,1259,1423,2007,2549,2295
WA,Western Australia,South-East Asia,Brunei Darussalam,37,35,26,32,29,35,41
WA,Western Australia,Southern and Eastern Europe,Bulgaria,1,3,6,6,9,9,8
WA,Western Australia,Sub-Saharan Africa,Burkina Faso,0,1,1,0,0,0,0
WA,Western Australia,Sub-Saharan Africa,Burundi,4,3,2,4,3,2,2
WA,Western Australia,South-East Asia,Cambodia,55,71,56,59,97,142,157
WA,Western Australia,Sub-Saharan Africa,Cameroon,13,4,4,4,4,3,3
WA,Western Australia,Americas,Canada,268,257,132,126,201,227,259
WA,Western Australia,Sub-Saharan Africa,Chad,0,0,0,0,0,0,1
WA,Western Australia,Americas,Chile,244,237,219,326,478,703,671
WA,Western Australia,North-East Asia,China,8379,7093,5795,5159,6344,8535,9015
WA,Western Australia,Americas,Colombia,1701,1746,1303,1656,3153,3698,2872
WA,Western Australia,Sub-Saharan Africa,"Congo, Democratic Republic of",3,5,8,12,10,10,11
WA,Western Australia,Sub-Saharan Africa,"Congo, Republic of",1,2,1,0,1,1,1
WA,Western Australia,Americas,Costa Rica,2,3,2,4,5,6,5
WA,Western Australia,Sub-Saharan Africa,Cote d'Ivoire,1,0,0,0,0,0,0
WA,Western Australia,Southern and Eastern Europe,Croatia,4,6,6,4,4,7,8
WA,Western Australia,Americas,Cuba,0,0,0,1,2,3,2
WA,Western Australia,Southern and Eastern Europe,Cyprus,3,2,2,3,1,0,0
WA,Western Australia,Southern and Eastern Europe,Czech Republic,95,88,45,39,40,40,34
WA,Western Australia,North-West Europe,Denmark,60,22,7,40,41,51,43
WA,Western Australia,Americas,Dominican Republic,0,0,0,0,1,0,0
WA,Western Australia,Americas,Ecuador,42,30,11,47,191,296,262
WA,Western Australia,North Africa and the Middle East,Egypt,34,32,32,42,57,48,43
WA,Western Australia,Americas,El Salvador,7,2,2,2,6,6,4
WA,Western Australia,Sub-Saharan Africa,Eritrea,1,1,1,0,0,0,0
WA,Western Australia,Southern and Eastern Europe,Estonia,123,113,68,53,50,65,75
WA,Western Australia,Sub-Saharan Africa,Ethiopia,19,18,18,25,26,28,39
WA,Western Australia,Oceania and Antarctica,Fiji,13,8,9,17,57,72,64
WA,Western Australia,North-West Europe,Finland,34,30,21,20,17,24,28
WA,Western Australia,North-West Europe,France,574,497,310,277,448,670,728
WA,Western Australia,Sub-Saharan Africa,Gabon,0,0,0,0,0,0,6
WA,Western Australia,Sub-Saharan Africa,Gambia,1,1,0,0,0,1,1
WA,Western Australia,North Africa and the Middle East,Gaza Strip and West Bank,4,2,2,4,3,4,2
WA,Western Australia,Southern and Central Asia,Georgia,0,1,2,1,1,0,0
WA,Western Australia,North-West Europe,Germany,327,283,210,244,274,334,389
WA,Western Australia,Sub-Saharan Africa,Ghana,71,70,61,66,85,95,98
WA,Western Australia,Southern and Eastern Europe,Greece,9,6,3,3,14,19,17
WA,Western Australia,Americas,Guadeloupe,0,0,0,0,0,1,0
WA,Western Australia,Americas,Guatemala,1,3,2,2,3,3,8
WA,Western Australia,Sub-Saharan Africa,Guinea,1,0,0,0,0,0,0
WA,Western Australia,Americas,Haiti,0,0,0,0,0,1,0
WA,Western Australia,Americas,Honduras,1,2,1,0,1,4,4
WA,Western Australia,North-East Asia,Hong Kong SAR,1391,1279,1260,1323,1544,1463,1239
WA,Western Australia,Southern and Eastern Europe,Hungary,23,18,17,13,15,20,21
WA,Western Australia,North-West Europe,Iceland,4,0,0,2,1,0,3
WA,Western Australia,Southern and Central Asia,India,8919,9153,8210,8670,11665,15314,15044
WA,Western Australia,South-East Asia,Indonesia,1198,1120,1026,1073,1544,2054,2306
WA,Western Australia,North Africa and the Middle East,Iran,168,148,123,160,237,325,347
WA,Western Australia,North Africa and the Middle East,Iraq,52,26,13,10,8,7,7
WA,Western Australia,North-West Europe,Ireland,108,111,77,69,77,111,167
WA,Western Australia,North Africa and the Middle East,Israel,16,14,8,13,17,15,26
WA,Western Australia,Southern and Eastern Europe,Italy,691,652,467,379,399,499,577
WA,Western Australia,Americas,Jamaica,2,2,2,2,2,1,2
WA,Western Australia,North-East Asia,Japan,1173,860,509,840,1242,1530,1409
WA,Western Australia,North Africa and the Middle East,Jordan,26,30,17,19,28,35,33
WA,Western Australia,Southern and Central Asia,Kazakhstan,11,17,21,22,27,38,40
WA,Western Australia,Sub-Saharan Africa,Kenya,1288,1084,860,1033,1964,2690,2535
WA,Western Australia,Oceania and Antarctica,Kiribati,0,0,0,1,2,1,0
WA,Western Australia,North-East Asia,"Korea, Democratic People's Republic of (North)",0,0,1,1,0,0,0
WA,Western Australia,North-East Asia,"Korea, Republic of (South)",1142,976,786,656,683,750,833
WA,Western Australia,Southern and Eastern Europe,Kosovo,0,0,0,1,1,1,0
WA,Western Australia,North Africa and the Middle East,Kuwait,61,37,28,22,32,27,34
WA,Western Australia,Southern and Central Asia,Kyrgyzstan,3,3,3,2,4,4,4
WA,Western Australia,South-East Asia,Laos,18,17,5,5,14,27,19
WA,Western Australia,Southern and Eastern Europe,Latvia,1,1,2,3,2,2,2
WA,Western Australia,North Africa and the Middle East,Lebanon,8,10,5,4,6,12,6
WA,Western Australia,Sub-Saharan Africa,Lesotho,1,0,0,0,0,0,0
WA,Western Australia,Sub-Saharan Africa,Liberia,3,3,3,3,3,3,3
WA,Western Australia,North Africa and the Middle East,Libya,2,0,0,0,2,2,1
WA,Western Australia,North-West Europe,Liechtenstein,0,0,0,0,1,0,0
WA,Western Australia,Southern and Eastern Europe,Lithuania,52,35,16,14,18,18,18
WA,Western Australia,North-West Europe,Luxembourg,4,0,0,0,1,1,3
WA,Western Australia,North-East Asia,Macau,37,38,31,31,29,27,31
WA,Western Australia,Sub-Saharan Africa,Madagascar,3,4,3,3,2,2,2
WA,Western Australia,Sub-Saharan Africa,Malawi,37,43,38,41,50,55,50
WA,Western Australia,South-East Asia,Malaysia,3056,2506,1882,1661,1790,1851,1712
WA,Western Australia,Southern and Central Asia,Maldives,26,29,33,35,38,37,30
WA,Western Australia,Southern and Eastern Europe,Malta,2,3,3,2,1,3,3
WA,Western Australia,Sub-Saharan Africa,Mauritius,832,793,644,589,782,1084,1042
WA,Western Australia,Americas,Mexico,94,101,71,79,143,176,193
WA,Western Australia,Southern and Eastern Europe,Moldova,0,0,0,1,1,1,0
WA,Western Australia,North-West Europe,Monaco,0,0,0,0,1,1,0
WA,Western Australia,North-East Asia,Mongolia,37,49,48,89,343,488,354
WA,Western Australia,Southern and Eastern Europe,Montenegro,10,10,6,6,3,2,2
WA,Western Australia,North Africa and the Middle East,Morocco,5,4,5,4,6,8,8
WA,Western Australia,Sub-Saharan Africa,Mozambique,3,5,5,3,7,10,11
WA,Western Australia,South-East Asia,Myanmar,123,135,131,198,182,162,94
WA,Western Australia,Sub-Saharan Africa,Namibia,3,3,2,2,4,10,12
WA,Western Australia,Southern and Central Asia,Nepal,1874,2100,1897,2714,3544,4370,4777
WA,Western Australia,North-West Europe,Netherlands,130,79,37,64,79,91,105
WA,Western Australia,Americas,Nicaragua,5,7,4,1,0,1,1
WA,Western Australia,Sub-Saharan Africa,Nigeria,207,167,140,164,204,231,215
WA,Western Australia,Southern and Eastern Europe,North Macedonia,18,13,9,14,17,22,21
WA,Western Australia,North-West Europe,Norway,109,65,25,41,115,104,74
WA,Western Australia,North Africa and the Middle East,Oman,224,234,170,77,40,27,16
WA,Western Australia,Unknown,Other,5,5,4,4,2,4,6
WA,Western Australia,Southern and Central Asia,Pakistan,1745,1975,1911,2548,5119,5524,5450
WA,Western Australia,Americas,Panama,3,5,4,4,5,7,6
WA,Western Australia,Oceania and Antarctica,Papua New Guinea,18,24,15,21,27,35,41
WA,Western Australia,Americas,Paraguay,7,4,2,1,5,12,13
WA,Western Australia,Americas,Peru,79,86,84,119,261,349,336
WA,Western Australia,South-East Asia,Philippines,1197,1525,1243,1377,4038,5874,5199
WA,Western Australia,Southern and Eastern Europe,Poland,89,80,65,61,52,42,51
WA,Western Australia,Southern and Eastern Europe,Portugal,57,42,28,23,41,54,64
WA,Western Australia,Americas,Puerto Rico,1,0,0,0,0,0,0
WA,Western Australia,North Africa and the Middle East,Qatar,5,0,0,0,0,0,0
WA,Western Australia,Sub-Saharan Africa,Reunion,0,0,0,1,1,0,0
WA,Western Australia,Southern and Eastern Europe,Romania,20,27,24,16,19,14,11
WA,Western Australia,Southern and Eastern Europe,Russian Federation,54,52,42,52,139,154,110
WA,Western Australia,Sub-Saharan Africa,Rwanda,7,5,2,3,3,3,5
WA,Western Australia,Oceania and Antarctica,Samoa,1,0,0,0,0,0,0
WA,Western Australia,Southern and Eastern Europe,San Marino,0,0,0,0,1,1,0
WA,Western Australia,North Africa and the Middle East,Saudi Arabia,490,491,356,271,279,251,218
WA,Western Australia,Sub-Saharan Africa,Senegal,1,0,0,0,0,0,1
WA,Western Australia,Southern and Eastern Europe,Serbia,12,15,11,15,12,9,7
WA,Western Australia,Sub-Saharan Africa,Seychelles,15,16,13,15,18,18,12
WA,Western Australia,Sub-Saharan Africa,Sierra Leone,5,6,5,4,6,5,4
WA,Western Australia,South-East Asia,Singapore,1470,1395,1282,1247,1260,1285,1264
WA,Western Australia,Southern and Eastern Europe,Slovakia,44,42,25,26,26,25,26
WA,Western Australia,Southern and Eastern Europe,Slovenia,11,9,8,11,11,6,9
WA,Western Australia,Oceania and Antarctica,Solomon Islands,8,7,5,3,1,2,3
WA,Western Australia,Sub-Saharan Africa,Somalia,1,3,2,4,1,0,0
WA,Western Australia,Sub-Saharan Africa,South Africa,208,195,159,174,260,303,268
WA,Western Australia,North Africa and the Middle East,South Sudan,1,1,0,0,0,0,0
WA,Western Australia,Southern and Eastern Europe,Spain,358,281,123,167,316,405,423
WA,Western Australia,Southern and Central Asia,Sri Lanka,905,1012,954,1021,1639,2154,2310
WA,Western Australia,Sub-Saharan Africa,St Helena,0,0,1,1,1,1,1
WA,Western Australia,North Africa and the Middle East,Sudan,5,7,7,6,5,4,4
WA,Western Australia,Americas,Suriname,0,0,0,1,0,0,0
WA,Western Australia,Sub-Saharan Africa,Swaziland,3,4,4,3,2,1,3
WA,Western Australia,North-West Europe,Sweden,124,94,51,65,77,86,100
WA,Western Australia,North-West Europe,Switzerland,208,115,39,73,100,90,82
WA,Western Australia,North Africa and the Middle East,Syria,2,2,1,1,4,4,2
WA,Western Australia,North-East Asia,Taiwan,1417,1019,774,684,754,970,1009
WA,Western Australia,Sub-Saharan Africa,Tanzania,28,30,30,20,24,30,23
WA,Western Australia,South-East Asia,Thailand,667,591,397,539,861,947,799
WA,Western Australia,South-East Asia,Timor-Leste,3,4,2,2,2,2,6
WA,Western Australia,Oceania and Antarctica,Tonga,2,1,1,2,2,4,6
WA,Western Australia,Americas,Trinidad and Tobago,3,4,2,0,1,3,1
WA,Western Australia,North Africa and the Middle East,Tunisia,1,2,2,3,2,4,7
WA,Western Australia,North Africa and the Middle East,Turkiye,54,60,53,60,218,326,294
WA,Western Australia,Southern and Central Asia,Turkmenistan,0,0,0,0,1,2,3
WA,Western Australia,Oceania and Antarctica,Tuvalu,1,1,2,2,1,1,1
WA,Western Australia,Sub-Saharan Africa,Uganda,13,18,20,19,22,39,34
WA,Western Australia,Southern and Eastern Europe,Ukraine,11,11,9,8,11,8,6
WA,Western Australia,North Africa and the Middle East,United Arab Emirates,20,16,8,4,8,28,85
WA,Western Australia,North-West Europe,United Kingdom,664,589,467,414,531,664,822
WA,Western Australia,Unknown,United Kingdom (Other),0,0,0,0,0,1,2
WA,Western Australia,Americas,United States of America,743,547,221,259,328,351,382
WA,Western Australia,Americas,Uruguay,1,4,6,7,8,12,18
WA,Western Australia,Southern and Central Asia,Uzbekistan,3,3,2,4,13,22,25
WA,Western Australia,Oceania and Antarctica,Vanuatu,2,3,2,3,6,6,7
WA,Western Australia,Americas,Venezuela,34,20,13,17,47,48,37
WA,Western Australia,South-East Asia,Vietnam,1589,1493,1293,1284,2095,2963,2835
WA,Western Australia,North Africa and the Middle East,Yemen,3,2,4,5,4,5,3
WA,Western Australia,Sub-Saharan Africa,Zambia,220,205,155,153,172,189,167
WA,Western Australia,Sub-Saharan Africa,Zimbabwe,383,328,276,302,492,679,674
